{"data": {"repository": {"pullRequest": {"id": "MDExOlB1bGxSZXF1ZXN0NTM5Nzk1NDQy", "number": 10866, "reviewThreads": {"totalCount": 10, "pageInfo": {"startCursor": "Y3Vyc29yOnYyOpK0MjAyMC0xMi0xN1QxMjo1OToyMlrOFGsi7A==", "endCursor": "Y3Vyc29yOnYyOpK0MjAyMC0xMi0xN1QxNjo0NDo0NVrOFGzRLA==", "hasNextPage": false, "hasPreviousPage": false}, "nodes": [{"id": "MDIzOlB1bGxSZXF1ZXN0UmV2aWV3VGhyZWFkMzQyNTY1NjEyOnYy", "diffSide": "RIGHT", "path": "docs/general/information-schema.rst", "isResolved": true, "comments": {"totalCount": 2, "pageInfo": {"startCursor": "Y3Vyc29yOnYyOpK0MjAyMC0xMi0xN1QxMjo1OToyMlrOIH0gIg==", "endCursor": "Y3Vyc29yOnYyOpK0MjAyMC0xMi0xOFQxMjoyOTozMFrOIIhBaQ==", "hasNextPage": false, "hasPreviousPage": false}, "nodes": [{"id": "MDI0OlB1bGxSZXF1ZXN0UmV2aWV3Q29tbWVudDU0NTA3MTEzOA==", "bodyText": "lint: should be \"table's\"", "url": "https://github.com/crate/crate/pull/10866#discussion_r545071138", "createdAt": "2020-12-17T12:59:22Z", "author": {"login": "justien"}, "path": "docs/general/information-schema.rst", "diffHunk": "@@ -288,24 +288,25 @@ table::\n     +-------------------+--------------------------------+-----+--------------------------+\n     | locations         | date                           |   3 | timestamp with time zone |\n     | locations         | description                    |   6 | text                     |\n-    | locations         | id                             |   1 | text                     |\n+    | locations         | id                             |   1 | integer                  |\n     | locations         | information                    |  11 | object_array             |\n     | locations         | information['evolution_level'] |  12 | smallint                 |\n     | locations         | information['population']      |  13 | bigint                   |\n+    | locations         | inhabitants                    |   7 | object                   |\n+    | locations         | inhabitants['description']     |   8 | text                     |\n+    | locations         | inhabitants['interests']       |   9 | text_array               |\n+    | locations         | inhabitants['name']            |  10 | text                     |\n     | locations         | kind                           |   4 | text                     |\n+    | locations         | landmarks                      |  14 | text_array               |\n     | locations         | name                           |   2 | text                     |\n     | locations         | position                       |   5 | integer                  |\n-    | locations         | race                           |   7 | object                   |\n-    | locations         | race['description']            |   8 | text                     |\n-    | locations         | race['interests']              |   9 | text_array               |\n-    | locations         | race['name']                   |  10 | text                     |\n     | partitioned_table | date                           |   3 | timestamp with time zone |\n     | partitioned_table | id                             |   1 | bigint                   |\n     | partitioned_table | title                          |   2 | text                     |\n     | quotes            | id                             |   1 | integer                  |\n     | quotes            | quote                          |   2 | text                     |\n     +-------------------+--------------------------------+-----+--------------------------+\n-    SELECT 18 rows in set (... sec)\n+    SELECT 19 rows in set (... sec)\n \n You can even query this tables' own columns (attention: this might lead to", "state": "SUBMITTED", "replyTo": null, "originalCommit": {"oid": "9183582de62081389adb864f48dfc3819ea7fb6c"}, "originalPosition": 30}, {"id": "MDI0OlB1bGxSZXF1ZXN0UmV2aWV3Q29tbWVudDU0NTgwMDU1Mw==", "bodyText": "fixed in 3551afc", "url": "https://github.com/crate/crate/pull/10866#discussion_r545800553", "createdAt": "2020-12-18T12:29:30Z", "author": {"login": "norosa"}, "path": "docs/general/information-schema.rst", "diffHunk": "@@ -288,24 +288,25 @@ table::\n     +-------------------+--------------------------------+-----+--------------------------+\n     | locations         | date                           |   3 | timestamp with time zone |\n     | locations         | description                    |   6 | text                     |\n-    | locations         | id                             |   1 | text                     |\n+    | locations         | id                             |   1 | integer                  |\n     | locations         | information                    |  11 | object_array             |\n     | locations         | information['evolution_level'] |  12 | smallint                 |\n     | locations         | information['population']      |  13 | bigint                   |\n+    | locations         | inhabitants                    |   7 | object                   |\n+    | locations         | inhabitants['description']     |   8 | text                     |\n+    | locations         | inhabitants['interests']       |   9 | text_array               |\n+    | locations         | inhabitants['name']            |  10 | text                     |\n     | locations         | kind                           |   4 | text                     |\n+    | locations         | landmarks                      |  14 | text_array               |\n     | locations         | name                           |   2 | text                     |\n     | locations         | position                       |   5 | integer                  |\n-    | locations         | race                           |   7 | object                   |\n-    | locations         | race['description']            |   8 | text                     |\n-    | locations         | race['interests']              |   9 | text_array               |\n-    | locations         | race['name']                   |  10 | text                     |\n     | partitioned_table | date                           |   3 | timestamp with time zone |\n     | partitioned_table | id                             |   1 | bigint                   |\n     | partitioned_table | title                          |   2 | text                     |\n     | quotes            | id                             |   1 | integer                  |\n     | quotes            | quote                          |   2 | text                     |\n     +-------------------+--------------------------------+-----+--------------------------+\n-    SELECT 18 rows in set (... sec)\n+    SELECT 19 rows in set (... sec)\n \n You can even query this tables' own columns (attention: this might lead to", "state": "SUBMITTED", "replyTo": {"id": "MDI0OlB1bGxSZXF1ZXN0UmV2aWV3Q29tbWVudDU0NTA3MTEzOA=="}, "originalCommit": {"oid": "9183582de62081389adb864f48dfc3819ea7fb6c"}, "originalPosition": 30}]}}, {"id": "MDIzOlB1bGxSZXF1ZXN0UmV2aWV3VGhyZWFkMzQyNjY1Mjg4OnYy", "diffSide": "RIGHT", "path": "docs/general/dql/selects.rst", "isResolved": true, "comments": {"totalCount": 1, "pageInfo": {"startCursor": "Y3Vyc29yOnYyOpK0MjAyMC0xMi0xN1QxNjoyMzo0M1rOIH9rfw==", "endCursor": "Y3Vyc29yOnYyOpK0MjAyMC0xMi0xN1QxNjoyMzo0M1rOIH9rfw==", "hasNextPage": false, "hasPreviousPage": false}, "nodes": [{"id": "MDI0OlB1bGxSZXF1ZXN0UmV2aWV3Q29tbWVudDU0NTIyMTUwMw==", "bodyText": "Can we keep truncating the result table? I think without, readability gets worse.", "url": "https://github.com/crate/crate/pull/10866#discussion_r545221503", "createdAt": "2020-12-17T16:23:43Z", "author": {"login": "seut"}, "path": "docs/general/dql/selects.rst", "diffHunk": "@@ -5,40 +5,46 @@\n Selecting data\n ==============\n \n-Selecting (i.e. retrieving) data from CrateDB is done by using a SQL ``SELECT``\n-statement. The response to a ``SELECT`` query contains the column names of the\n-result, the actual result rows as a two-dimensional array of values, the row\n-count and the duration.\n+Selecting (i.e., retrieving) data from CrateDB can be done by using an SQL\n+``SELECT`` statement. The response to a ``SELECT`` query includes the column\n+names of the result, the result rows as a two-dimensional array of values, the\n+row count, and the execution time.\n+\n+.. SEEALSO::\n+\n+    :ref:`SELECT syntax <sql_reference_select>`\n \n .. rubric:: Table of contents\n \n .. contents::\n    :local:\n \n+\n Introduction\n ============\n \n A simple select::\n \n-    cr> select name, position from locations order by id limit 2;\n-    +-------------------+----------+\n-    | name              | position |\n-    +-------------------+----------+\n-    | North West Ripple | 1        |\n-    | Arkintoofle Minor | 3        |\n-    +-------------------+----------+\n+    cr> select id, name from locations order by id limit 2;\n+    +----+-------------------+\n+    | id | name              |\n+    +----+-------------------+\n+    |  1 | North West Ripple |\n+    |  2 | Outer Eastern Rim |\n+    +----+-------------------+\n     SELECT 2 rows in set (... sec)\n \n If the '*' operator is used, all columns defined in the schema are returned for\n each row::\n \n-    cr> select * from locations order by id limit 1 offset 1;\n-    +----+-------------------+--------------+--------+----------+---------...-+-------...-+-------------+\n-    | id | name              |         date | kind   | position | description | race      | information |\n-    +----+-------------------+--------------+--------+----------+---------...-+-------...-+-------------+\n-    | 10 | Arkintoofle Minor | 308534400000 | Planet |        3 | Motivate... | {\"desc... |        NULL |\n-    +----+-------------------+--------------+--------+----------+---------...-+-------...-+-------------+\n-    SELECT 1 row in set (... sec)\n+    cr> select * from locations order by id limit 2;\n+    +----+-------------------+--------------+--------+----------+--------------------------------------------------------------------------------------------------------------------------------------------------------------+-------------+---------------------------------------------------------------------------------------+-----------+", "state": "SUBMITTED", "replyTo": null, "originalCommit": {"oid": "9183582de62081389adb864f48dfc3819ea7fb6c"}, "originalPosition": 55}]}}, {"id": "MDIzOlB1bGxSZXF1ZXN0UmV2aWV3VGhyZWFkMzQyNjY1Nzg1OnYy", "diffSide": "RIGHT", "path": "docs/general/dql/selects.rst", "isResolved": true, "comments": {"totalCount": 2, "pageInfo": {"startCursor": "Y3Vyc29yOnYyOpK0MjAyMC0xMi0xN1QxNjoyNDo0MlrOIH9ucQ==", "endCursor": "Y3Vyc29yOnYyOpK0MjAyMC0xMi0xOFQxMjoyOTo0OVrOIIhB_A==", "hasNextPage": false, "hasPreviousPage": false}, "nodes": [{"id": "MDI0OlB1bGxSZXF1ZXN0UmV2aWV3Q29tbWVudDU0NTIyMjI1Nw==", "bodyText": "This file contains bidirectional Unicode text that may be interpreted or compiled differently than what appears below. To review, open the file in an editor that reveals hidden Unicode characters. Learn more about bidirectional Unicode characters\n\n\n  \n\n\n    \n      \n        Suggested change\n        \n          \n    \n\n        \n      \n    \n    \n      \n          \n            \n            or another ``SELECT`` statement.\n          \n          \n            \n            or another ref:`SELECT <sql_reference_select>` statement.", "url": "https://github.com/crate/crate/pull/10866#discussion_r545222257", "createdAt": "2020-12-17T16:24:42Z", "author": {"login": "seut"}, "path": "docs/general/dql/selects.rst", "diffHunk": "@@ -59,8 +65,7 @@ Aliases can be used to change the output name of the columns::\n \n The ``FROM`` clause is used to reference the relation this select query is\n based upon. Can be a single table, many tables, a view, a :ref:`JOIN <sql_joins>`\n-or another ``SELECT`` statement. See :ref:`SELECT Reference\n-<sql_reference_select>`\n+or another ``SELECT`` statement.", "state": "SUBMITTED", "replyTo": null, "originalCommit": {"oid": "9183582de62081389adb864f48dfc3819ea7fb6c"}, "originalPosition": 71}, {"id": "MDI0OlB1bGxSZXF1ZXN0UmV2aWV3Q29tbWVudDU0NTgwMDcwMA==", "bodyText": "fixed in 3be45f0, 6904221", "url": "https://github.com/crate/crate/pull/10866#discussion_r545800700", "createdAt": "2020-12-18T12:29:49Z", "author": {"login": "norosa"}, "path": "docs/general/dql/selects.rst", "diffHunk": "@@ -59,8 +65,7 @@ Aliases can be used to change the output name of the columns::\n \n The ``FROM`` clause is used to reference the relation this select query is\n based upon. Can be a single table, many tables, a view, a :ref:`JOIN <sql_joins>`\n-or another ``SELECT`` statement. See :ref:`SELECT Reference\n-<sql_reference_select>`\n+or another ``SELECT`` statement.", "state": "SUBMITTED", "replyTo": {"id": "MDI0OlB1bGxSZXF1ZXN0UmV2aWV3Q29tbWVudDU0NTIyMjI1Nw=="}, "originalCommit": {"oid": "9183582de62081389adb864f48dfc3819ea7fb6c"}, "originalPosition": 71}]}}, {"id": "MDIzOlB1bGxSZXF1ZXN0UmV2aWV3VGhyZWFkMzQyNjY3NDU2OnYy", "diffSide": "RIGHT", "path": "docs/general/dql/selects.rst", "isResolved": true, "comments": {"totalCount": 2, "pageInfo": {"startCursor": "Y3Vyc29yOnYyOpK0MjAyMC0xMi0xN1QxNjoyNzo1NVrOIH94Dw==", "endCursor": "Y3Vyc29yOnYyOpK0MjAyMC0xMi0xOFQxMjo0NTo1OVrOIIhg3A==", "hasNextPage": false, "hasPreviousPage": false}, "nodes": [{"id": "MDI0OlB1bGxSZXF1ZXN0UmV2aWV3Q29tbWVudDU0NTIyNDcxOQ==", "bodyText": "The sections before were about comparison operators, how does a general Arrays section fit here?", "url": "https://github.com/crate/crate/pull/10866#discussion_r545224719", "createdAt": "2020-12-17T16:27:55Z", "author": {"login": "seut"}, "path": "docs/general/dql/selects.rst", "diffHunk": "@@ -511,274 +502,461 @@ does always return ``NULL`` when comparing ``NULL``.\n     +----------+\n     SELECT 1 row in set (... sec)\n \n-.. _sql_dql_any_array:\n+.. _sql_dql_arrays:\n \n-``ANY (array)``\n-===============\n+Arrays", "state": "SUBMITTED", "replyTo": null, "originalCommit": {"oid": "9183582de62081389adb864f48dfc3819ea7fb6c"}, "originalPosition": 132}, {"id": "MDI0OlB1bGxSZXF1ZXN0UmV2aWV3Q29tbWVudDU0NTgwODYwNA==", "bodyText": "good point. I moved it because these sections concern operations on arrays, so I figured they should come after the general section on arrays. but you're right that this info should be a part of the general comparison operators\nto solve both issues, I moved the sections up (as suggested) and added a ref to the opening paras of both sections that links to the arrays section so people can jump there if they need to\nfix in 4ce0d3d", "url": "https://github.com/crate/crate/pull/10866#discussion_r545808604", "createdAt": "2020-12-18T12:45:59Z", "author": {"login": "norosa"}, "path": "docs/general/dql/selects.rst", "diffHunk": "@@ -511,274 +502,461 @@ does always return ``NULL`` when comparing ``NULL``.\n     +----------+\n     SELECT 1 row in set (... sec)\n \n-.. _sql_dql_any_array:\n+.. _sql_dql_arrays:\n \n-``ANY (array)``\n-===============\n+Arrays", "state": "SUBMITTED", "replyTo": {"id": "MDI0OlB1bGxSZXF1ZXN0UmV2aWV3Q29tbWVudDU0NTIyNDcxOQ=="}, "originalCommit": {"oid": "9183582de62081389adb864f48dfc3819ea7fb6c"}, "originalPosition": 132}]}}, {"id": "MDIzOlB1bGxSZXF1ZXN0UmV2aWV3VGhyZWFkMzQyNjY4ODA2OnYy", "diffSide": "RIGHT", "path": "docs/general/dql/selects.rst", "isResolved": true, "comments": {"totalCount": 1, "pageInfo": {"startCursor": "Y3Vyc29yOnYyOpK0MjAyMC0xMi0xN1QxNjozMDo0M1rOIH-AVA==", "endCursor": "Y3Vyc29yOnYyOpK0MjAyMC0xMi0xN1QxNjozMDo0M1rOIH-AVA==", "hasNextPage": false, "hasPreviousPage": false}, "nodes": [{"id": "MDI0OlB1bGxSZXF1ZXN0UmV2aWV3Q29tbWVudDU0NTIyNjgzNg==", "bodyText": "No, you can not nest arrays with in arrays. Defining a columns as array(array(text)) is not supported.", "url": "https://github.com/crate/crate/pull/10866#discussion_r545226836", "createdAt": "2020-12-17T16:30:43Z", "author": {"login": "seut"}, "path": "docs/general/dql/selects.rst", "diffHunk": "@@ -511,274 +502,461 @@ does always return ``NULL`` when comparing ``NULL``.\n     +----------+\n     SELECT 1 row in set (... sec)\n \n-.. _sql_dql_any_array:\n+.. _sql_dql_arrays:\n \n-``ANY (array)``\n-===============\n+Arrays\n+======\n+\n+CrateDB supports an :ref:`array <data-type-array>` data type. It is possible\n+to select and query array elements.\n+\n+For example, you might :ref:`insert <inserting_data>` an array like so::\n+\n+    cr> insert into locations (id, name, position, kind, landmarks)\n+    ... values (14, 'Frogstar', 4, 'Star System',\n+    ...     ['Total Perspective Vortex', 'Milliways']\n+    ... );\n+    INSERT OK, 1 row affected (... sec)\n \n-The ANY (or SOME) operator allows to search for elements within arrays. This\n-allows to query for rows where an element of an array is, for example, equal to\n-or greater than some ``expression``.\n+.. Hidden: refresh locations\n \n-The following example returns any row where the array ``race['interests']``\n-contains an element 'netball'::\n+    cr> refresh table locations;\n+    REFRESH OK, 1 row affected (... sec)\n+\n+The result::\n \n-    cr> select race['name'], race['interests'] from locations\n-    ... where 'netball' = ANY(race['interests']);\n-    +----------------+-----------------------------------------+\n-    | race['name']   | race['interests']                       |\n-    +----------------+-----------------------------------------+\n-    | Bartledannians | [\"netball\", \"books with 100.000 words\"] |\n-    +----------------+-----------------------------------------+\n+    cr> select name, landmarks from locations\n+    ... where name = 'Frogstar';\n+    +----------+-------------------------------------------+\n+    | name     | landmarks                                 |\n+    +----------+-------------------------------------------+\n+    | Frogstar | [\"Total Perspective Vortex\", \"Milliways\"] |\n+    +----------+-------------------------------------------+\n     SELECT 1 row in set (... sec)\n \n-::\n+The individual array elements can be selected from the ``landmarks`` column\n+with ``landmarks[n]``, where ``n`` is the integer array index, like so::\n \n-    cr> select race['name'], race['interests'] from locations\n-    ... where 'books%' LIKE ANY(race['interests']);\n-    +----------------+-----------------------------------------+\n-    | race['name']   | race['interests']                       |\n-    +----------------+-----------------------------------------+\n-    | Bartledannians | [\"netball\", \"books with 100.000 words\"] |\n-    +----------------+-----------------------------------------+\n+    cr> select name, landmarks[1] from locations\n+    ... where name = 'Frogstar';\n+    +----------+--------------------------+\n+    | name     | landmarks[1]             |\n+    +----------+--------------------------+\n+    | Frogstar | Total Perspective Vortex |\n+    +----------+--------------------------+\n     SELECT 1 row in set (... sec)\n \n-It can also be used on arrays::\n+.. NOTE::\n \n-    cr> select name, race['interests'] from locations\n-    ... where name = ANY(ARRAY['Bartledan', 'Algol'])\n-    ... order by name asc;\n-    +-----------+-----------------------------------------+\n-    | name      | race['interests']                       |\n-    +-----------+-----------------------------------------+\n-    | Algol     | NULL                                    |\n-    | Bartledan | [\"netball\", \"books with 100.000 words\"] |\n-    +-----------+-----------------------------------------+\n-    SELECT 2 rows in set (... sec)\n+    The first index value is ``1``. The maximum array index is ``2147483648``.\n+    Using an index greater than the array size results in a NULL value.\n \n-This way it can be used as a shortcut for ``name = 'Bartledan' OR name =\n-'Algol'`` or any other ANY comparison.\n+Individual array elements can also be addressed in the :ref:`where clause\n+<sql_dql_where_clause>`, like so::\n \n-The ``ANY`` construct can be used in :ref:`sql_subquery_expressions` or\n-:ref:`sql_array_comparisons`.\n+    cr> select name, landmarks from locations\n+    ... where landmarks[2] = 'Milliways';\n+    +----------+-------------------------------------------+\n+    | name     | landmarks                                 |\n+    +----------+-------------------------------------------+\n+    | Frogstar | [\"Total Perspective Vortex\", \"Milliways\"] |\n+    +----------+-------------------------------------------+\n+    SELECT 1 row in set (... sec)\n \n+When using the ``=`` operator, as above, the value of the array element at\n+index ``n`` is compared. To compare against *any* array element, see\n+:ref:`sql_dql_any_array`.\n \n-Negating ``ANY``\n-----------------\n+.. NOTE::\n \n-One important thing to notice when using ANY is that negating the ANY operator\n-does not behave as negating normal comparison operators.\n+   You can nest arrays within arrays, but you can only have one subscript value", "state": "SUBMITTED", "replyTo": null, "originalCommit": {"oid": "9183582de62081389adb864f48dfc3819ea7fb6c"}, "originalPosition": 236}]}}, {"id": "MDIzOlB1bGxSZXF1ZXN0UmV2aWV3VGhyZWFkMzQyNjcwNTI0OnYy", "diffSide": "RIGHT", "path": "docs/general/dql/selects.rst", "isResolved": true, "comments": {"totalCount": 1, "pageInfo": {"startCursor": "Y3Vyc29yOnYyOpK0MjAyMC0xMi0xN1QxNjozNDoyNFrOIH-Kzg==", "endCursor": "Y3Vyc29yOnYyOpK0MjAyMC0xMi0xN1QxNjozNDoyNFrOIH-Kzg==", "hasNextPage": false, "hasPreviousPage": false}, "nodes": [{"id": "MDI0OlB1bGxSZXF1ZXN0UmV2aWV3Q29tbWVudDU0NTIyOTUxOA==", "bodyText": "See my comment above, arrays of arrays are not supported.", "url": "https://github.com/crate/crate/pull/10866#discussion_r545229518", "createdAt": "2020-12-17T16:34:24Z", "author": {"login": "seut"}, "path": "docs/general/dql/selects.rst", "diffHunk": "@@ -511,274 +502,461 @@ does always return ``NULL`` when comparing ``NULL``.\n     +----------+\n     SELECT 1 row in set (... sec)\n \n-.. _sql_dql_any_array:\n+.. _sql_dql_arrays:\n \n-``ANY (array)``\n-===============\n+Arrays\n+======\n+\n+CrateDB supports an :ref:`array <data-type-array>` data type. It is possible\n+to select and query array elements.\n+\n+For example, you might :ref:`insert <inserting_data>` an array like so::\n+\n+    cr> insert into locations (id, name, position, kind, landmarks)\n+    ... values (14, 'Frogstar', 4, 'Star System',\n+    ...     ['Total Perspective Vortex', 'Milliways']\n+    ... );\n+    INSERT OK, 1 row affected (... sec)\n \n-The ANY (or SOME) operator allows to search for elements within arrays. This\n-allows to query for rows where an element of an array is, for example, equal to\n-or greater than some ``expression``.\n+.. Hidden: refresh locations\n \n-The following example returns any row where the array ``race['interests']``\n-contains an element 'netball'::\n+    cr> refresh table locations;\n+    REFRESH OK, 1 row affected (... sec)\n+\n+The result::\n \n-    cr> select race['name'], race['interests'] from locations\n-    ... where 'netball' = ANY(race['interests']);\n-    +----------------+-----------------------------------------+\n-    | race['name']   | race['interests']                       |\n-    +----------------+-----------------------------------------+\n-    | Bartledannians | [\"netball\", \"books with 100.000 words\"] |\n-    +----------------+-----------------------------------------+\n+    cr> select name, landmarks from locations\n+    ... where name = 'Frogstar';\n+    +----------+-------------------------------------------+\n+    | name     | landmarks                                 |\n+    +----------+-------------------------------------------+\n+    | Frogstar | [\"Total Perspective Vortex\", \"Milliways\"] |\n+    +----------+-------------------------------------------+\n     SELECT 1 row in set (... sec)\n \n-::\n+The individual array elements can be selected from the ``landmarks`` column\n+with ``landmarks[n]``, where ``n`` is the integer array index, like so::\n \n-    cr> select race['name'], race['interests'] from locations\n-    ... where 'books%' LIKE ANY(race['interests']);\n-    +----------------+-----------------------------------------+\n-    | race['name']   | race['interests']                       |\n-    +----------------+-----------------------------------------+\n-    | Bartledannians | [\"netball\", \"books with 100.000 words\"] |\n-    +----------------+-----------------------------------------+\n+    cr> select name, landmarks[1] from locations\n+    ... where name = 'Frogstar';\n+    +----------+--------------------------+\n+    | name     | landmarks[1]             |\n+    +----------+--------------------------+\n+    | Frogstar | Total Perspective Vortex |\n+    +----------+--------------------------+\n     SELECT 1 row in set (... sec)\n \n-It can also be used on arrays::\n+.. NOTE::\n \n-    cr> select name, race['interests'] from locations\n-    ... where name = ANY(ARRAY['Bartledan', 'Algol'])\n-    ... order by name asc;\n-    +-----------+-----------------------------------------+\n-    | name      | race['interests']                       |\n-    +-----------+-----------------------------------------+\n-    | Algol     | NULL                                    |\n-    | Bartledan | [\"netball\", \"books with 100.000 words\"] |\n-    +-----------+-----------------------------------------+\n-    SELECT 2 rows in set (... sec)\n+    The first index value is ``1``. The maximum array index is ``2147483648``.\n+    Using an index greater than the array size results in a NULL value.\n \n-This way it can be used as a shortcut for ``name = 'Bartledan' OR name =\n-'Algol'`` or any other ANY comparison.\n+Individual array elements can also be addressed in the :ref:`where clause\n+<sql_dql_where_clause>`, like so::\n \n-The ``ANY`` construct can be used in :ref:`sql_subquery_expressions` or\n-:ref:`sql_array_comparisons`.\n+    cr> select name, landmarks from locations\n+    ... where landmarks[2] = 'Milliways';\n+    +----------+-------------------------------------------+\n+    | name     | landmarks                                 |\n+    +----------+-------------------------------------------+\n+    | Frogstar | [\"Total Perspective Vortex\", \"Milliways\"] |\n+    +----------+-------------------------------------------+\n+    SELECT 1 row in set (... sec)\n \n+When using the ``=`` operator, as above, the value of the array element at\n+index ``n`` is compared. To compare against *any* array element, see\n+:ref:`sql_dql_any_array`.\n \n-Negating ``ANY``\n-----------------\n+.. NOTE::\n \n-One important thing to notice when using ANY is that negating the ANY operator\n-does not behave as negating normal comparison operators.\n+   You can nest arrays within arrays, but you can only have one subscript value\n+   per expression. The following won't work:\n \n-The following query can be translated to *get all rows where race['interests']\n-has at least one element that equals 'netball'*::\n+   ``select my_column[1][2] from my_table;``\n \n-    cr> select race['name'], race['interests'] from locations\n-    ... where 'netball' = ANY(race['interests']);\n-    +----------------+-----------------------------------------+\n-    | race['name']   | race['interests']                       |\n-    +----------------+-----------------------------------------+\n-    | Bartledannians | [\"netball\", \"books with 100.000 words\"] |\n-    +----------------+-----------------------------------------+\n-    SELECT 1 row in set (... sec)\n \n-The following query using the negated operator ``!=`` can be translated to *get\n-all rows where race['interests'] has at least one element that does not equal\n-'netball'*. As you see, the result is the same in this case::\n-\n-    cr> select race['name'], race['interests'] from locations\n-    ... where 'netball' != ANY(race['interests']);\n-    +----------------+-----------------------------------------+\n-    | race['name']   | race['interests']                       |\n-    +----------------+-----------------------------------------+\n-    | Minories       | [\"baseball\", \"short stories\"]           |\n-    | Bartledannians | [\"netball\", \"books with 100.000 words\"] |\n-    +----------------+-----------------------------------------+\n-    SELECT 2 rows in set (... sec)\n+.. _sql_dql_objects:\n \n-.. NOTE::\n+Objects\n+=======\n \n-    When using the negated operator ``!= ANY`` by default the maximum size of\n-    the array to operate on is ``8192``. To be able to use larger arrays the\n-    :ref:`indices.query.bool.max_clause_count\n-    <indices.query.bool.max_clause_count>` setting must be changed\n-    appropriately on each node.\n-\n-Negating the ``=`` query from above is totally different. It can be translated\n-to *get all rows where race['interests'] has no value that equals 'netball'*::\n-\n-    cr> select race['name'], race['interests'] from locations\n-    ... where not 'netball' = ANY(race['interests']) order by race['name'];\n-    +--------------+-------------------------------+\n-    | race['name'] | race['interests']             |\n-    +--------------+-------------------------------+\n-    | Minories     | [\"baseball\", \"short stories\"] |\n-    +--------------+-------------------------------+\n+CrateDB supports an :ref:`object <object_data_type>` data type. It is possible\n+to select and query object properties.\n+\n+For example, you might insert an object like so::\n+\n+    cr> insert into locations (id, name, position, kind, inhabitants)\n+    ... values (15, 'Betelgeuse', 2, 'Star System',\n+    ...     {name = 'Betelgeuseans',\n+    ...      description = 'Humanoids with two heads'}\n+    ... );\n+    INSERT OK, 1 row affected (... sec)\n+\n+.. Hidden: refresh locations\n+\n+    cr> refresh table locations;\n+    REFRESH OK, 1 row affected (... sec)\n+\n+The result::\n+\n+    cr> select name, inhabitants from locations\n+    ... where name = 'Betelgeuse';\n+    +------------+----------------------------------------------------------------------+\n+    | name       | inhabitants                                                          |\n+    +------------+----------------------------------------------------------------------+\n+    | Betelgeuse | {\"description\": \"Humanoids with two heads\", \"name\": \"Betelgeuseans\"} |\n+    +------------+----------------------------------------------------------------------+\n     SELECT 1 row in set (... sec)\n \n-.. TIP::\n+The object properties can be selected from the ``inhabitants`` column with\n+``inhabitants['property']``, where ``property`` is the property name, like so::\n \n-    When using ``NOT <value> = ANY(<array_col>)`` the performance of the query\n-    could be quite bad, because special handling is required to implement the\n-    `3-valued logic`_. To achieve better performance, consider using the\n-    :ref:`ignore3vl function<ignore3vl>`.\n+    cr> select name, inhabitants['name'] from locations\n+    ... where name = 'Betelgeuse';\n+    +------------+---------------------+\n+    | name       | inhabitants['name'] |\n+    +------------+---------------------+\n+    | Betelgeuse | Betelgeuseans       |\n+    +------------+---------------------+\n+    SELECT 1 row in set (... sec)\n \n-The same behaviour (though different comparison operations involved) holds true\n-for operators\n+Object property can also be addressed in the :ref:`where clause\n+<sql_dql_where_clause>`, like so::\n \n- - ``LIKE`` and ``NOT LIKE``\n+    cr> select name, inhabitants from locations\n+    ... where inhabitants['name'] = 'Betelgeuseans';\n+    +------------+----------------------------------------------------------------------+\n+    | name       | inhabitants                                                          |\n+    +------------+----------------------------------------------------------------------+\n+    | Betelgeuse | {\"description\": \"Humanoids with two heads\", \"name\": \"Betelgeuseans\"} |\n+    +------------+----------------------------------------------------------------------+\n+    SELECT 1 row in set (... sec)\n \n- - all other comparison operators (excluding ``IS NULL`` and ``IS NOT NULL``)\n \n-.. NOTE::\n+.. _sql_dql_array_objects:\n \n-    When using the operators ``LIKE ANY`` and ``NOT LIKE ANY`` by default the\n-    maximum size of the array to operate on is ``8192``. To be able to use\n-    larger arrays the :ref:`indices.query.bool.max_clause_count\n-    <indices.query.bool.max_clause_count>` setting must be changed\n-    appropriately on each node.\n+Arrays within objects\n+=====================\n \n+Objects may contain arrays, and these arrays can be selected and queried.\n \n-.. _sql_dql_objects:\n+For example, you might insert an object containing an array like so::\n+\n+    cr> insert into locations (id, name, position, kind, inhabitants)\n+    ... values (16, 'Folfanga', 4, 'Star System',\n+    ...     {name = 'A-Rth-Urp-Hil-Ipdenu',\n+    ...      description = 'A species of small slug',\n+    ...      interests = ['lettuce', 'slime']}\n+    ... );\n+    INSERT OK, 1 row affected (... sec)\n+\n+.. Hidden: refresh locations\n+\n+    cr> refresh table locations;\n+    REFRESH OK, 1 row affected (... sec)\n \n-Inner objects and nested objects\n-================================\n+The result::\n \n-CrateDB supports an ``object`` data type, used for simple storing a whole\n-object into a column and it's even possible to select and query for properties\n-of such objects.\n+    cr> select name, inhabitants from locations\n+    ... where name = 'Folfanga';\n+      +----------+---------------------------------------------------------------------------------------------------------------+\n+    | name     | inhabitants                                                                                                   |\n+    +----------+---------------------------------------------------------------------------------------------------------------+\n+    | Folfanga | {\"description\": \"A species of small slug\", \"interests\": [\"lettuce\", \"slime\"], \"name\": \"A-Rth-Urp-Hil-Ipdenu\"} |\n+    +----------+---------------------------------------------------------------------------------------------------------------+\n+    SELECT 1 row in set (... sec)\n \n-Select a property of an inner object::\n+The child array can be selected as a property of the parent object in the\n+``inhabitants`` column using ``inhabitants['property']``, where ``property`` is\n+the parent object property name, like so::\n+\n+    cr> select name, inhabitants['interests'] from locations\n+    ... where name = 'Folfanga';\n+    +----------+--------------------------+\n+    | name     | inhabitants['interests'] |\n+    +----------+--------------------------+\n+    | Folfanga | [\"lettuce\", \"slime\"]     |\n+    +----------+--------------------------+\n+    SELECT 1 row in set (... sec)\n \n-    cr> select name, race['name'] from locations where name = 'Bartledan';\n-    +-----------+----------------+\n-    | name      | race['name']   |\n-    +-----------+----------------+\n-    | Bartledan | Bartledannians |\n-    +-----------+----------------+\n+The elements of the child array can be selected with\n+``inhabitants[n]['property']``, where ``n`` is the child array index and\n+``property`` is the parent object property name, like so::\n+\n+    cr> select name, inhabitants[1]['interests'] from locations\n+    ... where name = 'Folfanga';\n+    +----------+-----------------------------+\n+    | name     | inhabitants[1]['interests'] |\n+    +----------+-----------------------------+\n+    | Folfanga | lettuce                     |\n+    +----------+-----------------------------+\n     SELECT 1 row in set (... sec)\n \n-Query for a property of an inner object::\n+.. NOTE::\n \n-    cr> select name, race['name'] from locations\n-    ... where race['name'] = 'Bartledannians';\n-    +-----------+----------------+\n-    | name      | race['name']   |\n-    +-----------+----------------+\n-    | Bartledan | Bartledannians |\n-    +-----------+----------------+\n+    When accessing arrays within objects, the child array index comes before\n+    the parent object property name (i.e., ``my_column[n]['property']``), not\n+    the other way around. At the moment, the reverse syntax (i.e.,\n+    ``my_column['property'][n]``) is not supported.\n+\n+    Note also that ``my_column[n]['property']`` syntax can reference the\n+    ``property`` of a child object at index ``n`` of a parent array, if the\n+    column holds :ref:`arrays instead of objects <sql_dql_object_arrays>`. This\n+    makes the syntax `polymorphic`_ (i.e., behavior is inferred from the data\n+    type of the column).\n+\n+    As an alternative, child arrays can be :ref:`type cast\n+    <type_cast_from_string_literal>` to :ref:`text <data-type-text>` if you\n+    want the array index to appear last::\n+\n+        cr> select name, inhabitants['interests']::text[][1] from locations\n+        ... where name = 'Folfanga';\n+        +----------+-----------------------------+\n+        | name     | inhabitants[1]['interests'] |\n+        +----------+-----------------------------+\n+        | Folfanga | lettuce                     |\n+        +----------+-----------------------------+\n+        SELECT 1 row in set (... sec)\n+\n+.. _polymorphic: https://en.wikipedia.org/wiki/Polymorphism_(computer_science)\n+\n+The elements of the child array can also be addressed in the :ref:`where\n+clause <sql_dql_where_clause>`, like so::\n+\n+    cr> select name, inhabitants from locations\n+    ... where inhabitants[1]['interests'] = 'lettuce'\n+    ... order by name;\n+    +----------+---------------------------------------------------------------------------------------------------------------+\n+    | name     | inhabitants                                                                                                   |\n+    +----------+---------------------------------------------------------------------------------------------------------------+\n+    | Folfanga | {\"description\": \"A species of small slug\", \"interests\": [\"lettuce\", \"slime\"], \"name\": \"A-Rth-Urp-Hil-Ipdenu\"} |\n+    +----------+---------------------------------------------------------------------------------------------------------------+\n     SELECT 1 row in set (... sec)\n \n-Inserting objects::\n+.. NOTE::\n+\n+   You can nest arrays and objects however you like, but you can only have one", "state": "SUBMITTED", "replyTo": null, "originalCommit": {"oid": "9183582de62081389adb864f48dfc3819ea7fb6c"}, "originalPosition": 479}]}}, {"id": "MDIzOlB1bGxSZXF1ZXN0UmV2aWV3VGhyZWFkMzQyNjczNDc5OnYy", "diffSide": "RIGHT", "path": "docs/general/dql/selects.rst", "isResolved": true, "comments": {"totalCount": 1, "pageInfo": {"startCursor": "Y3Vyc29yOnYyOpK0MjAyMC0xMi0xN1QxNjo0MDoyM1rOIH-cgA==", "endCursor": "Y3Vyc29yOnYyOpK0MjAyMC0xMi0xN1QxNjo0MDoyM1rOIH-cgA==", "hasNextPage": false, "hasPreviousPage": false}, "nodes": [{"id": "MDI0OlB1bGxSZXF1ZXN0UmV2aWV3Q29tbWVudDU0NTIzNDA0OA==", "bodyText": "Mentioning that this is still possible by my_column[1]['property']::text[][1] is maybe useful?", "url": "https://github.com/crate/crate/pull/10866#discussion_r545234048", "createdAt": "2020-12-17T16:40:23Z", "author": {"login": "seut"}, "path": "docs/general/dql/selects.rst", "diffHunk": "@@ -511,274 +502,461 @@ does always return ``NULL`` when comparing ``NULL``.\n     +----------+\n     SELECT 1 row in set (... sec)\n \n-.. _sql_dql_any_array:\n+.. _sql_dql_arrays:\n \n-``ANY (array)``\n-===============\n+Arrays\n+======\n+\n+CrateDB supports an :ref:`array <data-type-array>` data type. It is possible\n+to select and query array elements.\n+\n+For example, you might :ref:`insert <inserting_data>` an array like so::\n+\n+    cr> insert into locations (id, name, position, kind, landmarks)\n+    ... values (14, 'Frogstar', 4, 'Star System',\n+    ...     ['Total Perspective Vortex', 'Milliways']\n+    ... );\n+    INSERT OK, 1 row affected (... sec)\n \n-The ANY (or SOME) operator allows to search for elements within arrays. This\n-allows to query for rows where an element of an array is, for example, equal to\n-or greater than some ``expression``.\n+.. Hidden: refresh locations\n \n-The following example returns any row where the array ``race['interests']``\n-contains an element 'netball'::\n+    cr> refresh table locations;\n+    REFRESH OK, 1 row affected (... sec)\n+\n+The result::\n \n-    cr> select race['name'], race['interests'] from locations\n-    ... where 'netball' = ANY(race['interests']);\n-    +----------------+-----------------------------------------+\n-    | race['name']   | race['interests']                       |\n-    +----------------+-----------------------------------------+\n-    | Bartledannians | [\"netball\", \"books with 100.000 words\"] |\n-    +----------------+-----------------------------------------+\n+    cr> select name, landmarks from locations\n+    ... where name = 'Frogstar';\n+    +----------+-------------------------------------------+\n+    | name     | landmarks                                 |\n+    +----------+-------------------------------------------+\n+    | Frogstar | [\"Total Perspective Vortex\", \"Milliways\"] |\n+    +----------+-------------------------------------------+\n     SELECT 1 row in set (... sec)\n \n-::\n+The individual array elements can be selected from the ``landmarks`` column\n+with ``landmarks[n]``, where ``n`` is the integer array index, like so::\n \n-    cr> select race['name'], race['interests'] from locations\n-    ... where 'books%' LIKE ANY(race['interests']);\n-    +----------------+-----------------------------------------+\n-    | race['name']   | race['interests']                       |\n-    +----------------+-----------------------------------------+\n-    | Bartledannians | [\"netball\", \"books with 100.000 words\"] |\n-    +----------------+-----------------------------------------+\n+    cr> select name, landmarks[1] from locations\n+    ... where name = 'Frogstar';\n+    +----------+--------------------------+\n+    | name     | landmarks[1]             |\n+    +----------+--------------------------+\n+    | Frogstar | Total Perspective Vortex |\n+    +----------+--------------------------+\n     SELECT 1 row in set (... sec)\n \n-It can also be used on arrays::\n+.. NOTE::\n \n-    cr> select name, race['interests'] from locations\n-    ... where name = ANY(ARRAY['Bartledan', 'Algol'])\n-    ... order by name asc;\n-    +-----------+-----------------------------------------+\n-    | name      | race['interests']                       |\n-    +-----------+-----------------------------------------+\n-    | Algol     | NULL                                    |\n-    | Bartledan | [\"netball\", \"books with 100.000 words\"] |\n-    +-----------+-----------------------------------------+\n-    SELECT 2 rows in set (... sec)\n+    The first index value is ``1``. The maximum array index is ``2147483648``.\n+    Using an index greater than the array size results in a NULL value.\n \n-This way it can be used as a shortcut for ``name = 'Bartledan' OR name =\n-'Algol'`` or any other ANY comparison.\n+Individual array elements can also be addressed in the :ref:`where clause\n+<sql_dql_where_clause>`, like so::\n \n-The ``ANY`` construct can be used in :ref:`sql_subquery_expressions` or\n-:ref:`sql_array_comparisons`.\n+    cr> select name, landmarks from locations\n+    ... where landmarks[2] = 'Milliways';\n+    +----------+-------------------------------------------+\n+    | name     | landmarks                                 |\n+    +----------+-------------------------------------------+\n+    | Frogstar | [\"Total Perspective Vortex\", \"Milliways\"] |\n+    +----------+-------------------------------------------+\n+    SELECT 1 row in set (... sec)\n \n+When using the ``=`` operator, as above, the value of the array element at\n+index ``n`` is compared. To compare against *any* array element, see\n+:ref:`sql_dql_any_array`.\n \n-Negating ``ANY``\n-----------------\n+.. NOTE::\n \n-One important thing to notice when using ANY is that negating the ANY operator\n-does not behave as negating normal comparison operators.\n+   You can nest arrays within arrays, but you can only have one subscript value\n+   per expression. The following won't work:\n \n-The following query can be translated to *get all rows where race['interests']\n-has at least one element that equals 'netball'*::\n+   ``select my_column[1][2] from my_table;``\n \n-    cr> select race['name'], race['interests'] from locations\n-    ... where 'netball' = ANY(race['interests']);\n-    +----------------+-----------------------------------------+\n-    | race['name']   | race['interests']                       |\n-    +----------------+-----------------------------------------+\n-    | Bartledannians | [\"netball\", \"books with 100.000 words\"] |\n-    +----------------+-----------------------------------------+\n-    SELECT 1 row in set (... sec)\n \n-The following query using the negated operator ``!=`` can be translated to *get\n-all rows where race['interests'] has at least one element that does not equal\n-'netball'*. As you see, the result is the same in this case::\n-\n-    cr> select race['name'], race['interests'] from locations\n-    ... where 'netball' != ANY(race['interests']);\n-    +----------------+-----------------------------------------+\n-    | race['name']   | race['interests']                       |\n-    +----------------+-----------------------------------------+\n-    | Minories       | [\"baseball\", \"short stories\"]           |\n-    | Bartledannians | [\"netball\", \"books with 100.000 words\"] |\n-    +----------------+-----------------------------------------+\n-    SELECT 2 rows in set (... sec)\n+.. _sql_dql_objects:\n \n-.. NOTE::\n+Objects\n+=======\n \n-    When using the negated operator ``!= ANY`` by default the maximum size of\n-    the array to operate on is ``8192``. To be able to use larger arrays the\n-    :ref:`indices.query.bool.max_clause_count\n-    <indices.query.bool.max_clause_count>` setting must be changed\n-    appropriately on each node.\n-\n-Negating the ``=`` query from above is totally different. It can be translated\n-to *get all rows where race['interests'] has no value that equals 'netball'*::\n-\n-    cr> select race['name'], race['interests'] from locations\n-    ... where not 'netball' = ANY(race['interests']) order by race['name'];\n-    +--------------+-------------------------------+\n-    | race['name'] | race['interests']             |\n-    +--------------+-------------------------------+\n-    | Minories     | [\"baseball\", \"short stories\"] |\n-    +--------------+-------------------------------+\n+CrateDB supports an :ref:`object <object_data_type>` data type. It is possible\n+to select and query object properties.\n+\n+For example, you might insert an object like so::\n+\n+    cr> insert into locations (id, name, position, kind, inhabitants)\n+    ... values (15, 'Betelgeuse', 2, 'Star System',\n+    ...     {name = 'Betelgeuseans',\n+    ...      description = 'Humanoids with two heads'}\n+    ... );\n+    INSERT OK, 1 row affected (... sec)\n+\n+.. Hidden: refresh locations\n+\n+    cr> refresh table locations;\n+    REFRESH OK, 1 row affected (... sec)\n+\n+The result::\n+\n+    cr> select name, inhabitants from locations\n+    ... where name = 'Betelgeuse';\n+    +------------+----------------------------------------------------------------------+\n+    | name       | inhabitants                                                          |\n+    +------------+----------------------------------------------------------------------+\n+    | Betelgeuse | {\"description\": \"Humanoids with two heads\", \"name\": \"Betelgeuseans\"} |\n+    +------------+----------------------------------------------------------------------+\n     SELECT 1 row in set (... sec)\n \n-.. TIP::\n+The object properties can be selected from the ``inhabitants`` column with\n+``inhabitants['property']``, where ``property`` is the property name, like so::\n \n-    When using ``NOT <value> = ANY(<array_col>)`` the performance of the query\n-    could be quite bad, because special handling is required to implement the\n-    `3-valued logic`_. To achieve better performance, consider using the\n-    :ref:`ignore3vl function<ignore3vl>`.\n+    cr> select name, inhabitants['name'] from locations\n+    ... where name = 'Betelgeuse';\n+    +------------+---------------------+\n+    | name       | inhabitants['name'] |\n+    +------------+---------------------+\n+    | Betelgeuse | Betelgeuseans       |\n+    +------------+---------------------+\n+    SELECT 1 row in set (... sec)\n \n-The same behaviour (though different comparison operations involved) holds true\n-for operators\n+Object property can also be addressed in the :ref:`where clause\n+<sql_dql_where_clause>`, like so::\n \n- - ``LIKE`` and ``NOT LIKE``\n+    cr> select name, inhabitants from locations\n+    ... where inhabitants['name'] = 'Betelgeuseans';\n+    +------------+----------------------------------------------------------------------+\n+    | name       | inhabitants                                                          |\n+    +------------+----------------------------------------------------------------------+\n+    | Betelgeuse | {\"description\": \"Humanoids with two heads\", \"name\": \"Betelgeuseans\"} |\n+    +------------+----------------------------------------------------------------------+\n+    SELECT 1 row in set (... sec)\n \n- - all other comparison operators (excluding ``IS NULL`` and ``IS NOT NULL``)\n \n-.. NOTE::\n+.. _sql_dql_array_objects:\n \n-    When using the operators ``LIKE ANY`` and ``NOT LIKE ANY`` by default the\n-    maximum size of the array to operate on is ``8192``. To be able to use\n-    larger arrays the :ref:`indices.query.bool.max_clause_count\n-    <indices.query.bool.max_clause_count>` setting must be changed\n-    appropriately on each node.\n+Arrays within objects\n+=====================\n \n+Objects may contain arrays, and these arrays can be selected and queried.\n \n-.. _sql_dql_objects:\n+For example, you might insert an object containing an array like so::\n+\n+    cr> insert into locations (id, name, position, kind, inhabitants)\n+    ... values (16, 'Folfanga', 4, 'Star System',\n+    ...     {name = 'A-Rth-Urp-Hil-Ipdenu',\n+    ...      description = 'A species of small slug',\n+    ...      interests = ['lettuce', 'slime']}\n+    ... );\n+    INSERT OK, 1 row affected (... sec)\n+\n+.. Hidden: refresh locations\n+\n+    cr> refresh table locations;\n+    REFRESH OK, 1 row affected (... sec)\n \n-Inner objects and nested objects\n-================================\n+The result::\n \n-CrateDB supports an ``object`` data type, used for simple storing a whole\n-object into a column and it's even possible to select and query for properties\n-of such objects.\n+    cr> select name, inhabitants from locations\n+    ... where name = 'Folfanga';\n+      +----------+---------------------------------------------------------------------------------------------------------------+\n+    | name     | inhabitants                                                                                                   |\n+    +----------+---------------------------------------------------------------------------------------------------------------+\n+    | Folfanga | {\"description\": \"A species of small slug\", \"interests\": [\"lettuce\", \"slime\"], \"name\": \"A-Rth-Urp-Hil-Ipdenu\"} |\n+    +----------+---------------------------------------------------------------------------------------------------------------+\n+    SELECT 1 row in set (... sec)\n \n-Select a property of an inner object::\n+The child array can be selected as a property of the parent object in the\n+``inhabitants`` column using ``inhabitants['property']``, where ``property`` is\n+the parent object property name, like so::\n+\n+    cr> select name, inhabitants['interests'] from locations\n+    ... where name = 'Folfanga';\n+    +----------+--------------------------+\n+    | name     | inhabitants['interests'] |\n+    +----------+--------------------------+\n+    | Folfanga | [\"lettuce\", \"slime\"]     |\n+    +----------+--------------------------+\n+    SELECT 1 row in set (... sec)\n \n-    cr> select name, race['name'] from locations where name = 'Bartledan';\n-    +-----------+----------------+\n-    | name      | race['name']   |\n-    +-----------+----------------+\n-    | Bartledan | Bartledannians |\n-    +-----------+----------------+\n+The elements of the child array can be selected with\n+``inhabitants[n]['property']``, where ``n`` is the child array index and\n+``property`` is the parent object property name, like so::\n+\n+    cr> select name, inhabitants[1]['interests'] from locations\n+    ... where name = 'Folfanga';\n+    +----------+-----------------------------+\n+    | name     | inhabitants[1]['interests'] |\n+    +----------+-----------------------------+\n+    | Folfanga | lettuce                     |\n+    +----------+-----------------------------+\n     SELECT 1 row in set (... sec)\n \n-Query for a property of an inner object::\n+.. NOTE::\n \n-    cr> select name, race['name'] from locations\n-    ... where race['name'] = 'Bartledannians';\n-    +-----------+----------------+\n-    | name      | race['name']   |\n-    +-----------+----------------+\n-    | Bartledan | Bartledannians |\n-    +-----------+----------------+\n+    When accessing arrays within objects, the child array index comes before\n+    the parent object property name (i.e., ``my_column[n]['property']``), not\n+    the other way around. At the moment, the reverse syntax (i.e.,\n+    ``my_column['property'][n]``) is not supported.\n+\n+    Note also that ``my_column[n]['property']`` syntax can reference the\n+    ``property`` of a child object at index ``n`` of a parent array, if the\n+    column holds :ref:`arrays instead of objects <sql_dql_object_arrays>`. This\n+    makes the syntax `polymorphic`_ (i.e., behavior is inferred from the data\n+    type of the column).\n+\n+    As an alternative, child arrays can be :ref:`type cast\n+    <type_cast_from_string_literal>` to :ref:`text <data-type-text>` if you\n+    want the array index to appear last::\n+\n+        cr> select name, inhabitants['interests']::text[][1] from locations\n+        ... where name = 'Folfanga';\n+        +----------+-----------------------------+\n+        | name     | inhabitants[1]['interests'] |\n+        +----------+-----------------------------+\n+        | Folfanga | lettuce                     |\n+        +----------+-----------------------------+\n+        SELECT 1 row in set (... sec)\n+\n+.. _polymorphic: https://en.wikipedia.org/wiki/Polymorphism_(computer_science)\n+\n+The elements of the child array can also be addressed in the :ref:`where\n+clause <sql_dql_where_clause>`, like so::\n+\n+    cr> select name, inhabitants from locations\n+    ... where inhabitants[1]['interests'] = 'lettuce'\n+    ... order by name;\n+    +----------+---------------------------------------------------------------------------------------------------------------+\n+    | name     | inhabitants                                                                                                   |\n+    +----------+---------------------------------------------------------------------------------------------------------------+\n+    | Folfanga | {\"description\": \"A species of small slug\", \"interests\": [\"lettuce\", \"slime\"], \"name\": \"A-Rth-Urp-Hil-Ipdenu\"} |\n+    +----------+---------------------------------------------------------------------------------------------------------------+\n     SELECT 1 row in set (... sec)\n \n-Inserting objects::\n+.. NOTE::\n+\n+   You can nest arrays and objects however you like, but you can only have one\n+   subscript value per expression. The following won't work:\n+\n+   ``select my_column[1]['property'][2] from my_table;``", "state": "SUBMITTED", "replyTo": null, "originalCommit": {"oid": "9183582de62081389adb864f48dfc3819ea7fb6c"}, "originalPosition": 482}]}}, {"id": "MDIzOlB1bGxSZXF1ZXN0UmV2aWV3VGhyZWFkMzQyNjc0MjMyOnYy", "diffSide": "RIGHT", "path": "docs/general/dql/selects.rst", "isResolved": true, "comments": {"totalCount": 1, "pageInfo": {"startCursor": "Y3Vyc29yOnYyOpK0MjAyMC0xMi0xN1QxNjo0MTo0NFrOIH-gyg==", "endCursor": "Y3Vyc29yOnYyOpK0MjAyMC0xMi0xN1QxNjo0MTo0NFrOIH-gyg==", "hasNextPage": false, "hasPreviousPage": false}, "nodes": [{"id": "MDI0OlB1bGxSZXF1ZXN0UmV2aWV3Q29tbWVudDU0NTIzNTE0Ng==", "bodyText": "No, see comment above.", "url": "https://github.com/crate/crate/pull/10866#discussion_r545235146", "createdAt": "2020-12-17T16:41:44Z", "author": {"login": "seut"}, "path": "docs/general/dql/selects.rst", "diffHunk": "@@ -511,274 +502,461 @@ does always return ``NULL`` when comparing ``NULL``.\n     +----------+\n     SELECT 1 row in set (... sec)\n \n-.. _sql_dql_any_array:\n+.. _sql_dql_arrays:\n \n-``ANY (array)``\n-===============\n+Arrays\n+======\n+\n+CrateDB supports an :ref:`array <data-type-array>` data type. It is possible\n+to select and query array elements.\n+\n+For example, you might :ref:`insert <inserting_data>` an array like so::\n+\n+    cr> insert into locations (id, name, position, kind, landmarks)\n+    ... values (14, 'Frogstar', 4, 'Star System',\n+    ...     ['Total Perspective Vortex', 'Milliways']\n+    ... );\n+    INSERT OK, 1 row affected (... sec)\n \n-The ANY (or SOME) operator allows to search for elements within arrays. This\n-allows to query for rows where an element of an array is, for example, equal to\n-or greater than some ``expression``.\n+.. Hidden: refresh locations\n \n-The following example returns any row where the array ``race['interests']``\n-contains an element 'netball'::\n+    cr> refresh table locations;\n+    REFRESH OK, 1 row affected (... sec)\n+\n+The result::\n \n-    cr> select race['name'], race['interests'] from locations\n-    ... where 'netball' = ANY(race['interests']);\n-    +----------------+-----------------------------------------+\n-    | race['name']   | race['interests']                       |\n-    +----------------+-----------------------------------------+\n-    | Bartledannians | [\"netball\", \"books with 100.000 words\"] |\n-    +----------------+-----------------------------------------+\n+    cr> select name, landmarks from locations\n+    ... where name = 'Frogstar';\n+    +----------+-------------------------------------------+\n+    | name     | landmarks                                 |\n+    +----------+-------------------------------------------+\n+    | Frogstar | [\"Total Perspective Vortex\", \"Milliways\"] |\n+    +----------+-------------------------------------------+\n     SELECT 1 row in set (... sec)\n \n-::\n+The individual array elements can be selected from the ``landmarks`` column\n+with ``landmarks[n]``, where ``n`` is the integer array index, like so::\n \n-    cr> select race['name'], race['interests'] from locations\n-    ... where 'books%' LIKE ANY(race['interests']);\n-    +----------------+-----------------------------------------+\n-    | race['name']   | race['interests']                       |\n-    +----------------+-----------------------------------------+\n-    | Bartledannians | [\"netball\", \"books with 100.000 words\"] |\n-    +----------------+-----------------------------------------+\n+    cr> select name, landmarks[1] from locations\n+    ... where name = 'Frogstar';\n+    +----------+--------------------------+\n+    | name     | landmarks[1]             |\n+    +----------+--------------------------+\n+    | Frogstar | Total Perspective Vortex |\n+    +----------+--------------------------+\n     SELECT 1 row in set (... sec)\n \n-It can also be used on arrays::\n+.. NOTE::\n \n-    cr> select name, race['interests'] from locations\n-    ... where name = ANY(ARRAY['Bartledan', 'Algol'])\n-    ... order by name asc;\n-    +-----------+-----------------------------------------+\n-    | name      | race['interests']                       |\n-    +-----------+-----------------------------------------+\n-    | Algol     | NULL                                    |\n-    | Bartledan | [\"netball\", \"books with 100.000 words\"] |\n-    +-----------+-----------------------------------------+\n-    SELECT 2 rows in set (... sec)\n+    The first index value is ``1``. The maximum array index is ``2147483648``.\n+    Using an index greater than the array size results in a NULL value.\n \n-This way it can be used as a shortcut for ``name = 'Bartledan' OR name =\n-'Algol'`` or any other ANY comparison.\n+Individual array elements can also be addressed in the :ref:`where clause\n+<sql_dql_where_clause>`, like so::\n \n-The ``ANY`` construct can be used in :ref:`sql_subquery_expressions` or\n-:ref:`sql_array_comparisons`.\n+    cr> select name, landmarks from locations\n+    ... where landmarks[2] = 'Milliways';\n+    +----------+-------------------------------------------+\n+    | name     | landmarks                                 |\n+    +----------+-------------------------------------------+\n+    | Frogstar | [\"Total Perspective Vortex\", \"Milliways\"] |\n+    +----------+-------------------------------------------+\n+    SELECT 1 row in set (... sec)\n \n+When using the ``=`` operator, as above, the value of the array element at\n+index ``n`` is compared. To compare against *any* array element, see\n+:ref:`sql_dql_any_array`.\n \n-Negating ``ANY``\n-----------------\n+.. NOTE::\n \n-One important thing to notice when using ANY is that negating the ANY operator\n-does not behave as negating normal comparison operators.\n+   You can nest arrays within arrays, but you can only have one subscript value\n+   per expression. The following won't work:\n \n-The following query can be translated to *get all rows where race['interests']\n-has at least one element that equals 'netball'*::\n+   ``select my_column[1][2] from my_table;``\n \n-    cr> select race['name'], race['interests'] from locations\n-    ... where 'netball' = ANY(race['interests']);\n-    +----------------+-----------------------------------------+\n-    | race['name']   | race['interests']                       |\n-    +----------------+-----------------------------------------+\n-    | Bartledannians | [\"netball\", \"books with 100.000 words\"] |\n-    +----------------+-----------------------------------------+\n-    SELECT 1 row in set (... sec)\n \n-The following query using the negated operator ``!=`` can be translated to *get\n-all rows where race['interests'] has at least one element that does not equal\n-'netball'*. As you see, the result is the same in this case::\n-\n-    cr> select race['name'], race['interests'] from locations\n-    ... where 'netball' != ANY(race['interests']);\n-    +----------------+-----------------------------------------+\n-    | race['name']   | race['interests']                       |\n-    +----------------+-----------------------------------------+\n-    | Minories       | [\"baseball\", \"short stories\"]           |\n-    | Bartledannians | [\"netball\", \"books with 100.000 words\"] |\n-    +----------------+-----------------------------------------+\n-    SELECT 2 rows in set (... sec)\n+.. _sql_dql_objects:\n \n-.. NOTE::\n+Objects\n+=======\n \n-    When using the negated operator ``!= ANY`` by default the maximum size of\n-    the array to operate on is ``8192``. To be able to use larger arrays the\n-    :ref:`indices.query.bool.max_clause_count\n-    <indices.query.bool.max_clause_count>` setting must be changed\n-    appropriately on each node.\n-\n-Negating the ``=`` query from above is totally different. It can be translated\n-to *get all rows where race['interests'] has no value that equals 'netball'*::\n-\n-    cr> select race['name'], race['interests'] from locations\n-    ... where not 'netball' = ANY(race['interests']) order by race['name'];\n-    +--------------+-------------------------------+\n-    | race['name'] | race['interests']             |\n-    +--------------+-------------------------------+\n-    | Minories     | [\"baseball\", \"short stories\"] |\n-    +--------------+-------------------------------+\n+CrateDB supports an :ref:`object <object_data_type>` data type. It is possible\n+to select and query object properties.\n+\n+For example, you might insert an object like so::\n+\n+    cr> insert into locations (id, name, position, kind, inhabitants)\n+    ... values (15, 'Betelgeuse', 2, 'Star System',\n+    ...     {name = 'Betelgeuseans',\n+    ...      description = 'Humanoids with two heads'}\n+    ... );\n+    INSERT OK, 1 row affected (... sec)\n+\n+.. Hidden: refresh locations\n+\n+    cr> refresh table locations;\n+    REFRESH OK, 1 row affected (... sec)\n+\n+The result::\n+\n+    cr> select name, inhabitants from locations\n+    ... where name = 'Betelgeuse';\n+    +------------+----------------------------------------------------------------------+\n+    | name       | inhabitants                                                          |\n+    +------------+----------------------------------------------------------------------+\n+    | Betelgeuse | {\"description\": \"Humanoids with two heads\", \"name\": \"Betelgeuseans\"} |\n+    +------------+----------------------------------------------------------------------+\n     SELECT 1 row in set (... sec)\n \n-.. TIP::\n+The object properties can be selected from the ``inhabitants`` column with\n+``inhabitants['property']``, where ``property`` is the property name, like so::\n \n-    When using ``NOT <value> = ANY(<array_col>)`` the performance of the query\n-    could be quite bad, because special handling is required to implement the\n-    `3-valued logic`_. To achieve better performance, consider using the\n-    :ref:`ignore3vl function<ignore3vl>`.\n+    cr> select name, inhabitants['name'] from locations\n+    ... where name = 'Betelgeuse';\n+    +------------+---------------------+\n+    | name       | inhabitants['name'] |\n+    +------------+---------------------+\n+    | Betelgeuse | Betelgeuseans       |\n+    +------------+---------------------+\n+    SELECT 1 row in set (... sec)\n \n-The same behaviour (though different comparison operations involved) holds true\n-for operators\n+Object property can also be addressed in the :ref:`where clause\n+<sql_dql_where_clause>`, like so::\n \n- - ``LIKE`` and ``NOT LIKE``\n+    cr> select name, inhabitants from locations\n+    ... where inhabitants['name'] = 'Betelgeuseans';\n+    +------------+----------------------------------------------------------------------+\n+    | name       | inhabitants                                                          |\n+    +------------+----------------------------------------------------------------------+\n+    | Betelgeuse | {\"description\": \"Humanoids with two heads\", \"name\": \"Betelgeuseans\"} |\n+    +------------+----------------------------------------------------------------------+\n+    SELECT 1 row in set (... sec)\n \n- - all other comparison operators (excluding ``IS NULL`` and ``IS NOT NULL``)\n \n-.. NOTE::\n+.. _sql_dql_array_objects:\n \n-    When using the operators ``LIKE ANY`` and ``NOT LIKE ANY`` by default the\n-    maximum size of the array to operate on is ``8192``. To be able to use\n-    larger arrays the :ref:`indices.query.bool.max_clause_count\n-    <indices.query.bool.max_clause_count>` setting must be changed\n-    appropriately on each node.\n+Arrays within objects\n+=====================\n \n+Objects may contain arrays, and these arrays can be selected and queried.\n \n-.. _sql_dql_objects:\n+For example, you might insert an object containing an array like so::\n+\n+    cr> insert into locations (id, name, position, kind, inhabitants)\n+    ... values (16, 'Folfanga', 4, 'Star System',\n+    ...     {name = 'A-Rth-Urp-Hil-Ipdenu',\n+    ...      description = 'A species of small slug',\n+    ...      interests = ['lettuce', 'slime']}\n+    ... );\n+    INSERT OK, 1 row affected (... sec)\n+\n+.. Hidden: refresh locations\n+\n+    cr> refresh table locations;\n+    REFRESH OK, 1 row affected (... sec)\n \n-Inner objects and nested objects\n-================================\n+The result::\n \n-CrateDB supports an ``object`` data type, used for simple storing a whole\n-object into a column and it's even possible to select and query for properties\n-of such objects.\n+    cr> select name, inhabitants from locations\n+    ... where name = 'Folfanga';\n+      +----------+---------------------------------------------------------------------------------------------------------------+\n+    | name     | inhabitants                                                                                                   |\n+    +----------+---------------------------------------------------------------------------------------------------------------+\n+    | Folfanga | {\"description\": \"A species of small slug\", \"interests\": [\"lettuce\", \"slime\"], \"name\": \"A-Rth-Urp-Hil-Ipdenu\"} |\n+    +----------+---------------------------------------------------------------------------------------------------------------+\n+    SELECT 1 row in set (... sec)\n \n-Select a property of an inner object::\n+The child array can be selected as a property of the parent object in the\n+``inhabitants`` column using ``inhabitants['property']``, where ``property`` is\n+the parent object property name, like so::\n+\n+    cr> select name, inhabitants['interests'] from locations\n+    ... where name = 'Folfanga';\n+    +----------+--------------------------+\n+    | name     | inhabitants['interests'] |\n+    +----------+--------------------------+\n+    | Folfanga | [\"lettuce\", \"slime\"]     |\n+    +----------+--------------------------+\n+    SELECT 1 row in set (... sec)\n \n-    cr> select name, race['name'] from locations where name = 'Bartledan';\n-    +-----------+----------------+\n-    | name      | race['name']   |\n-    +-----------+----------------+\n-    | Bartledan | Bartledannians |\n-    +-----------+----------------+\n+The elements of the child array can be selected with\n+``inhabitants[n]['property']``, where ``n`` is the child array index and\n+``property`` is the parent object property name, like so::\n+\n+    cr> select name, inhabitants[1]['interests'] from locations\n+    ... where name = 'Folfanga';\n+    +----------+-----------------------------+\n+    | name     | inhabitants[1]['interests'] |\n+    +----------+-----------------------------+\n+    | Folfanga | lettuce                     |\n+    +----------+-----------------------------+\n     SELECT 1 row in set (... sec)\n \n-Query for a property of an inner object::\n+.. NOTE::\n \n-    cr> select name, race['name'] from locations\n-    ... where race['name'] = 'Bartledannians';\n-    +-----------+----------------+\n-    | name      | race['name']   |\n-    +-----------+----------------+\n-    | Bartledan | Bartledannians |\n-    +-----------+----------------+\n+    When accessing arrays within objects, the child array index comes before\n+    the parent object property name (i.e., ``my_column[n]['property']``), not\n+    the other way around. At the moment, the reverse syntax (i.e.,\n+    ``my_column['property'][n]``) is not supported.\n+\n+    Note also that ``my_column[n]['property']`` syntax can reference the\n+    ``property`` of a child object at index ``n`` of a parent array, if the\n+    column holds :ref:`arrays instead of objects <sql_dql_object_arrays>`. This\n+    makes the syntax `polymorphic`_ (i.e., behavior is inferred from the data\n+    type of the column).\n+\n+    As an alternative, child arrays can be :ref:`type cast\n+    <type_cast_from_string_literal>` to :ref:`text <data-type-text>` if you\n+    want the array index to appear last::\n+\n+        cr> select name, inhabitants['interests']::text[][1] from locations\n+        ... where name = 'Folfanga';\n+        +----------+-----------------------------+\n+        | name     | inhabitants[1]['interests'] |\n+        +----------+-----------------------------+\n+        | Folfanga | lettuce                     |\n+        +----------+-----------------------------+\n+        SELECT 1 row in set (... sec)\n+\n+.. _polymorphic: https://en.wikipedia.org/wiki/Polymorphism_(computer_science)\n+\n+The elements of the child array can also be addressed in the :ref:`where\n+clause <sql_dql_where_clause>`, like so::\n+\n+    cr> select name, inhabitants from locations\n+    ... where inhabitants[1]['interests'] = 'lettuce'\n+    ... order by name;\n+    +----------+---------------------------------------------------------------------------------------------------------------+\n+    | name     | inhabitants                                                                                                   |\n+    +----------+---------------------------------------------------------------------------------------------------------------+\n+    | Folfanga | {\"description\": \"A species of small slug\", \"interests\": [\"lettuce\", \"slime\"], \"name\": \"A-Rth-Urp-Hil-Ipdenu\"} |\n+    +----------+---------------------------------------------------------------------------------------------------------------+\n     SELECT 1 row in set (... sec)\n \n-Inserting objects::\n+.. NOTE::\n+\n+   You can nest arrays and objects however you like, but you can only have one\n+   subscript value per expression. The following won't work:\n+\n+   ``select my_column[1]['property'][2] from my_table;``\n+\n+\n+.. _sql_dql_object_arrays:\n+\n+Object within arrays\n+====================\n \n-    cr> insert into locations (id, name, position, kind, race)\n-    ... values ('DO', 'Dornbirn', 14, 'City', {name='Vorarlberger',\n-    ...     description = 'Very nice people with a strange accent',\n-    ...     interests = ['mountains', 'cheese', 'enzian']}\n+Arrays may contain objects, and these can be selected and queried.\n+\n+For example, you might insert an array of objects like so::\n+\n+    cr> insert into locations (id, name, position, kind, information)\n+    ... values (\n+    ...   17, 'Orion Beta', 3, 'Star System',\n+    ...   [{evolution_level=6, population=3600001},\n+    ...   {evolution_level=42, population=1}]\n     ... );\n     INSERT OK, 1 row affected (... sec)\n \n-.. _sql_dql_object_arrays:\n+.. Hidden: refresh locations\n+\n+    cr> refresh table locations;\n+    REFRESH OK, 1 row affected (... sec)\n+\n+The result::\n \n-Object arrays\n-=============\n+    cr> select name, information from locations\n+    ... where name = 'Orion Beta';\n+    +------------+-------------------------------------------------------------------------------------------+\n+    | name       | information                                                                               |\n+    +------------+-------------------------------------------------------------------------------------------+\n+    | Orion Beta | [{\"evolution_level\": 6, \"population\": 3600001}, {\"evolution_level\": 42, \"population\": 1}] |\n+    +------------+-------------------------------------------------------------------------------------------+\n+    SELECT 1 row in set (... sec)\n+\n+The individual child objects can be selected as an element of the parent array\n+in the ``information`` column using ``locations[1]``, where ``n`` is the parent\n+array index, like so::\n+\n+    cr> select name, information[1] from locations\n+    ... where name = 'Orion Beta';\n+    +------------+-----------------------------------------------+\n+    | name       | information[1]                                |\n+    +------------+-----------------------------------------------+\n+    | Orion Beta | {\"evolution_level\": 6, \"population\": 3600001} |\n+    +------------+-----------------------------------------------+\n+    SELECT 1 row in set (... sec)\n \n-Arrays in CrateDB can be queried for containment using the\n-:ref:`sql_dql_any_array` operator.\n+The properties of individual child objects can be selected with\n+``locations[n]['property']``, where ``n`` is the parent array index and\n+``property`` is the child property name, like so::\n+\n+    cr> select name, information[1]['population'] from locations\n+    ... where name = 'Orion Beta';\n+    +------------+------------------------------+\n+    | name       | information[1]['population'] |\n+    +------------+------------------------------+\n+    | Orion Beta |                      3600001 |\n+    +------------+------------------------------+\n+    SELECT 1 row in set (... sec)\n \n-It is possible to access fields of :ref:`sql_dql_objects` using subscript\n-expressions. If the parent is an object array, you'll get an array of the\n-selected field.\n+.. NOTE::\n \n+    The ``my_column[n]['property']`` syntax can reference the child array index\n+    ``n`` of a parent object ``property``, if the column holds :ref:`objects\n+    instead of arrays <sql_dql_array_objects>`. This makes the syntax\n+    `polymorphic`_ (i.e., behavior is inferred from the data type of the\n+    column).\n \n-Examples::\n+Additionally, you can query the same ``property`` of *every* object within the\n+array by omitting the array index, like so::\n \n     cr> select name, information['population'] from locations\n-    ... where information['population'] is not null\n-    ... order by name;\n+    ... where information['population'] is not null;\n     +-------------------+---------------------------+\n     | name              | information['population'] |\n     +-------------------+---------------------------+\n     | North West Ripple | [12, 42]                  |\n     | Outer Eastern Rim | [5673745846]              |\n+    | Orion Beta        | [3600001, 1]              |\n     +-------------------+---------------------------+\n-    SELECT 2 rows in set (... sec)\n+    SELECT 3 rows in set (... sec)\n \n-::\n+.. NOTE::\n \n-    cr> select information from locations\n-    ... where information['population'] is not null\n-    ... order by name;\n-    +----------------------------------------------------...-----------------------+\n-    | information                                                                  |\n-    +----------------------------------------------------...-----------------------+\n-    | [{\"evolution_level\": 4, \"population\": 12}, {\"evolu...\": 42, \"popul...\": 42}] |\n-    | [{\"evolution_level\": 2, \"population\": 5673745846}]                           |\n-    +---------------------------------------------------...------------------------+\n+   You can nest arrays and objects however you like, but you can only have one", "state": "SUBMITTED", "replyTo": null, "originalCommit": {"oid": "9183582de62081389adb864f48dfc3819ea7fb6c"}, "originalPosition": 594}]}}, {"id": "MDIzOlB1bGxSZXF1ZXN0UmV2aWV3VGhyZWFkMzQyNjc1MTc0OnYy", "diffSide": "RIGHT", "path": "docs/general/dql/selects.rst", "isResolved": true, "comments": {"totalCount": 1, "pageInfo": {"startCursor": "Y3Vyc29yOnYyOpK0MjAyMC0xMi0xN1QxNjo0MzozOFrOIH-mcw==", "endCursor": "Y3Vyc29yOnYyOpK0MjAyMC0xMi0xN1QxNjo0MzozOFrOIH-mcw==", "hasNextPage": false, "hasPreviousPage": false}, "nodes": [{"id": "MDI0OlB1bGxSZXF1ZXN0UmV2aWV3Q29tbWVudDU0NTIzNjU5NQ==", "bodyText": "Also see my comment above.\nThe whole Object inside arrays section looks like the repeated version of Arrays inside objects. Does this really makes sense like this? Couldn't we fold this together or just highlight important differences and otherwise link to the previous explanations?", "url": "https://github.com/crate/crate/pull/10866#discussion_r545236595", "createdAt": "2020-12-17T16:43:38Z", "author": {"login": "seut"}, "path": "docs/general/dql/selects.rst", "diffHunk": "@@ -511,274 +502,461 @@ does always return ``NULL`` when comparing ``NULL``.\n     +----------+\n     SELECT 1 row in set (... sec)\n \n-.. _sql_dql_any_array:\n+.. _sql_dql_arrays:\n \n-``ANY (array)``\n-===============\n+Arrays\n+======\n+\n+CrateDB supports an :ref:`array <data-type-array>` data type. It is possible\n+to select and query array elements.\n+\n+For example, you might :ref:`insert <inserting_data>` an array like so::\n+\n+    cr> insert into locations (id, name, position, kind, landmarks)\n+    ... values (14, 'Frogstar', 4, 'Star System',\n+    ...     ['Total Perspective Vortex', 'Milliways']\n+    ... );\n+    INSERT OK, 1 row affected (... sec)\n \n-The ANY (or SOME) operator allows to search for elements within arrays. This\n-allows to query for rows where an element of an array is, for example, equal to\n-or greater than some ``expression``.\n+.. Hidden: refresh locations\n \n-The following example returns any row where the array ``race['interests']``\n-contains an element 'netball'::\n+    cr> refresh table locations;\n+    REFRESH OK, 1 row affected (... sec)\n+\n+The result::\n \n-    cr> select race['name'], race['interests'] from locations\n-    ... where 'netball' = ANY(race['interests']);\n-    +----------------+-----------------------------------------+\n-    | race['name']   | race['interests']                       |\n-    +----------------+-----------------------------------------+\n-    | Bartledannians | [\"netball\", \"books with 100.000 words\"] |\n-    +----------------+-----------------------------------------+\n+    cr> select name, landmarks from locations\n+    ... where name = 'Frogstar';\n+    +----------+-------------------------------------------+\n+    | name     | landmarks                                 |\n+    +----------+-------------------------------------------+\n+    | Frogstar | [\"Total Perspective Vortex\", \"Milliways\"] |\n+    +----------+-------------------------------------------+\n     SELECT 1 row in set (... sec)\n \n-::\n+The individual array elements can be selected from the ``landmarks`` column\n+with ``landmarks[n]``, where ``n`` is the integer array index, like so::\n \n-    cr> select race['name'], race['interests'] from locations\n-    ... where 'books%' LIKE ANY(race['interests']);\n-    +----------------+-----------------------------------------+\n-    | race['name']   | race['interests']                       |\n-    +----------------+-----------------------------------------+\n-    | Bartledannians | [\"netball\", \"books with 100.000 words\"] |\n-    +----------------+-----------------------------------------+\n+    cr> select name, landmarks[1] from locations\n+    ... where name = 'Frogstar';\n+    +----------+--------------------------+\n+    | name     | landmarks[1]             |\n+    +----------+--------------------------+\n+    | Frogstar | Total Perspective Vortex |\n+    +----------+--------------------------+\n     SELECT 1 row in set (... sec)\n \n-It can also be used on arrays::\n+.. NOTE::\n \n-    cr> select name, race['interests'] from locations\n-    ... where name = ANY(ARRAY['Bartledan', 'Algol'])\n-    ... order by name asc;\n-    +-----------+-----------------------------------------+\n-    | name      | race['interests']                       |\n-    +-----------+-----------------------------------------+\n-    | Algol     | NULL                                    |\n-    | Bartledan | [\"netball\", \"books with 100.000 words\"] |\n-    +-----------+-----------------------------------------+\n-    SELECT 2 rows in set (... sec)\n+    The first index value is ``1``. The maximum array index is ``2147483648``.\n+    Using an index greater than the array size results in a NULL value.\n \n-This way it can be used as a shortcut for ``name = 'Bartledan' OR name =\n-'Algol'`` or any other ANY comparison.\n+Individual array elements can also be addressed in the :ref:`where clause\n+<sql_dql_where_clause>`, like so::\n \n-The ``ANY`` construct can be used in :ref:`sql_subquery_expressions` or\n-:ref:`sql_array_comparisons`.\n+    cr> select name, landmarks from locations\n+    ... where landmarks[2] = 'Milliways';\n+    +----------+-------------------------------------------+\n+    | name     | landmarks                                 |\n+    +----------+-------------------------------------------+\n+    | Frogstar | [\"Total Perspective Vortex\", \"Milliways\"] |\n+    +----------+-------------------------------------------+\n+    SELECT 1 row in set (... sec)\n \n+When using the ``=`` operator, as above, the value of the array element at\n+index ``n`` is compared. To compare against *any* array element, see\n+:ref:`sql_dql_any_array`.\n \n-Negating ``ANY``\n-----------------\n+.. NOTE::\n \n-One important thing to notice when using ANY is that negating the ANY operator\n-does not behave as negating normal comparison operators.\n+   You can nest arrays within arrays, but you can only have one subscript value\n+   per expression. The following won't work:\n \n-The following query can be translated to *get all rows where race['interests']\n-has at least one element that equals 'netball'*::\n+   ``select my_column[1][2] from my_table;``\n \n-    cr> select race['name'], race['interests'] from locations\n-    ... where 'netball' = ANY(race['interests']);\n-    +----------------+-----------------------------------------+\n-    | race['name']   | race['interests']                       |\n-    +----------------+-----------------------------------------+\n-    | Bartledannians | [\"netball\", \"books with 100.000 words\"] |\n-    +----------------+-----------------------------------------+\n-    SELECT 1 row in set (... sec)\n \n-The following query using the negated operator ``!=`` can be translated to *get\n-all rows where race['interests'] has at least one element that does not equal\n-'netball'*. As you see, the result is the same in this case::\n-\n-    cr> select race['name'], race['interests'] from locations\n-    ... where 'netball' != ANY(race['interests']);\n-    +----------------+-----------------------------------------+\n-    | race['name']   | race['interests']                       |\n-    +----------------+-----------------------------------------+\n-    | Minories       | [\"baseball\", \"short stories\"]           |\n-    | Bartledannians | [\"netball\", \"books with 100.000 words\"] |\n-    +----------------+-----------------------------------------+\n-    SELECT 2 rows in set (... sec)\n+.. _sql_dql_objects:\n \n-.. NOTE::\n+Objects\n+=======\n \n-    When using the negated operator ``!= ANY`` by default the maximum size of\n-    the array to operate on is ``8192``. To be able to use larger arrays the\n-    :ref:`indices.query.bool.max_clause_count\n-    <indices.query.bool.max_clause_count>` setting must be changed\n-    appropriately on each node.\n-\n-Negating the ``=`` query from above is totally different. It can be translated\n-to *get all rows where race['interests'] has no value that equals 'netball'*::\n-\n-    cr> select race['name'], race['interests'] from locations\n-    ... where not 'netball' = ANY(race['interests']) order by race['name'];\n-    +--------------+-------------------------------+\n-    | race['name'] | race['interests']             |\n-    +--------------+-------------------------------+\n-    | Minories     | [\"baseball\", \"short stories\"] |\n-    +--------------+-------------------------------+\n+CrateDB supports an :ref:`object <object_data_type>` data type. It is possible\n+to select and query object properties.\n+\n+For example, you might insert an object like so::\n+\n+    cr> insert into locations (id, name, position, kind, inhabitants)\n+    ... values (15, 'Betelgeuse', 2, 'Star System',\n+    ...     {name = 'Betelgeuseans',\n+    ...      description = 'Humanoids with two heads'}\n+    ... );\n+    INSERT OK, 1 row affected (... sec)\n+\n+.. Hidden: refresh locations\n+\n+    cr> refresh table locations;\n+    REFRESH OK, 1 row affected (... sec)\n+\n+The result::\n+\n+    cr> select name, inhabitants from locations\n+    ... where name = 'Betelgeuse';\n+    +------------+----------------------------------------------------------------------+\n+    | name       | inhabitants                                                          |\n+    +------------+----------------------------------------------------------------------+\n+    | Betelgeuse | {\"description\": \"Humanoids with two heads\", \"name\": \"Betelgeuseans\"} |\n+    +------------+----------------------------------------------------------------------+\n     SELECT 1 row in set (... sec)\n \n-.. TIP::\n+The object properties can be selected from the ``inhabitants`` column with\n+``inhabitants['property']``, where ``property`` is the property name, like so::\n \n-    When using ``NOT <value> = ANY(<array_col>)`` the performance of the query\n-    could be quite bad, because special handling is required to implement the\n-    `3-valued logic`_. To achieve better performance, consider using the\n-    :ref:`ignore3vl function<ignore3vl>`.\n+    cr> select name, inhabitants['name'] from locations\n+    ... where name = 'Betelgeuse';\n+    +------------+---------------------+\n+    | name       | inhabitants['name'] |\n+    +------------+---------------------+\n+    | Betelgeuse | Betelgeuseans       |\n+    +------------+---------------------+\n+    SELECT 1 row in set (... sec)\n \n-The same behaviour (though different comparison operations involved) holds true\n-for operators\n+Object property can also be addressed in the :ref:`where clause\n+<sql_dql_where_clause>`, like so::\n \n- - ``LIKE`` and ``NOT LIKE``\n+    cr> select name, inhabitants from locations\n+    ... where inhabitants['name'] = 'Betelgeuseans';\n+    +------------+----------------------------------------------------------------------+\n+    | name       | inhabitants                                                          |\n+    +------------+----------------------------------------------------------------------+\n+    | Betelgeuse | {\"description\": \"Humanoids with two heads\", \"name\": \"Betelgeuseans\"} |\n+    +------------+----------------------------------------------------------------------+\n+    SELECT 1 row in set (... sec)\n \n- - all other comparison operators (excluding ``IS NULL`` and ``IS NOT NULL``)\n \n-.. NOTE::\n+.. _sql_dql_array_objects:\n \n-    When using the operators ``LIKE ANY`` and ``NOT LIKE ANY`` by default the\n-    maximum size of the array to operate on is ``8192``. To be able to use\n-    larger arrays the :ref:`indices.query.bool.max_clause_count\n-    <indices.query.bool.max_clause_count>` setting must be changed\n-    appropriately on each node.\n+Arrays within objects\n+=====================\n \n+Objects may contain arrays, and these arrays can be selected and queried.\n \n-.. _sql_dql_objects:\n+For example, you might insert an object containing an array like so::\n+\n+    cr> insert into locations (id, name, position, kind, inhabitants)\n+    ... values (16, 'Folfanga', 4, 'Star System',\n+    ...     {name = 'A-Rth-Urp-Hil-Ipdenu',\n+    ...      description = 'A species of small slug',\n+    ...      interests = ['lettuce', 'slime']}\n+    ... );\n+    INSERT OK, 1 row affected (... sec)\n+\n+.. Hidden: refresh locations\n+\n+    cr> refresh table locations;\n+    REFRESH OK, 1 row affected (... sec)\n \n-Inner objects and nested objects\n-================================\n+The result::\n \n-CrateDB supports an ``object`` data type, used for simple storing a whole\n-object into a column and it's even possible to select and query for properties\n-of such objects.\n+    cr> select name, inhabitants from locations\n+    ... where name = 'Folfanga';\n+      +----------+---------------------------------------------------------------------------------------------------------------+\n+    | name     | inhabitants                                                                                                   |\n+    +----------+---------------------------------------------------------------------------------------------------------------+\n+    | Folfanga | {\"description\": \"A species of small slug\", \"interests\": [\"lettuce\", \"slime\"], \"name\": \"A-Rth-Urp-Hil-Ipdenu\"} |\n+    +----------+---------------------------------------------------------------------------------------------------------------+\n+    SELECT 1 row in set (... sec)\n \n-Select a property of an inner object::\n+The child array can be selected as a property of the parent object in the\n+``inhabitants`` column using ``inhabitants['property']``, where ``property`` is\n+the parent object property name, like so::\n+\n+    cr> select name, inhabitants['interests'] from locations\n+    ... where name = 'Folfanga';\n+    +----------+--------------------------+\n+    | name     | inhabitants['interests'] |\n+    +----------+--------------------------+\n+    | Folfanga | [\"lettuce\", \"slime\"]     |\n+    +----------+--------------------------+\n+    SELECT 1 row in set (... sec)\n \n-    cr> select name, race['name'] from locations where name = 'Bartledan';\n-    +-----------+----------------+\n-    | name      | race['name']   |\n-    +-----------+----------------+\n-    | Bartledan | Bartledannians |\n-    +-----------+----------------+\n+The elements of the child array can be selected with\n+``inhabitants[n]['property']``, where ``n`` is the child array index and\n+``property`` is the parent object property name, like so::\n+\n+    cr> select name, inhabitants[1]['interests'] from locations\n+    ... where name = 'Folfanga';\n+    +----------+-----------------------------+\n+    | name     | inhabitants[1]['interests'] |\n+    +----------+-----------------------------+\n+    | Folfanga | lettuce                     |\n+    +----------+-----------------------------+\n     SELECT 1 row in set (... sec)\n \n-Query for a property of an inner object::\n+.. NOTE::\n \n-    cr> select name, race['name'] from locations\n-    ... where race['name'] = 'Bartledannians';\n-    +-----------+----------------+\n-    | name      | race['name']   |\n-    +-----------+----------------+\n-    | Bartledan | Bartledannians |\n-    +-----------+----------------+\n+    When accessing arrays within objects, the child array index comes before\n+    the parent object property name (i.e., ``my_column[n]['property']``), not\n+    the other way around. At the moment, the reverse syntax (i.e.,\n+    ``my_column['property'][n]``) is not supported.\n+\n+    Note also that ``my_column[n]['property']`` syntax can reference the\n+    ``property`` of a child object at index ``n`` of a parent array, if the\n+    column holds :ref:`arrays instead of objects <sql_dql_object_arrays>`. This\n+    makes the syntax `polymorphic`_ (i.e., behavior is inferred from the data\n+    type of the column).\n+\n+    As an alternative, child arrays can be :ref:`type cast\n+    <type_cast_from_string_literal>` to :ref:`text <data-type-text>` if you\n+    want the array index to appear last::\n+\n+        cr> select name, inhabitants['interests']::text[][1] from locations\n+        ... where name = 'Folfanga';\n+        +----------+-----------------------------+\n+        | name     | inhabitants[1]['interests'] |\n+        +----------+-----------------------------+\n+        | Folfanga | lettuce                     |\n+        +----------+-----------------------------+\n+        SELECT 1 row in set (... sec)\n+\n+.. _polymorphic: https://en.wikipedia.org/wiki/Polymorphism_(computer_science)\n+\n+The elements of the child array can also be addressed in the :ref:`where\n+clause <sql_dql_where_clause>`, like so::\n+\n+    cr> select name, inhabitants from locations\n+    ... where inhabitants[1]['interests'] = 'lettuce'\n+    ... order by name;\n+    +----------+---------------------------------------------------------------------------------------------------------------+\n+    | name     | inhabitants                                                                                                   |\n+    +----------+---------------------------------------------------------------------------------------------------------------+\n+    | Folfanga | {\"description\": \"A species of small slug\", \"interests\": [\"lettuce\", \"slime\"], \"name\": \"A-Rth-Urp-Hil-Ipdenu\"} |\n+    +----------+---------------------------------------------------------------------------------------------------------------+\n     SELECT 1 row in set (... sec)\n \n-Inserting objects::\n+.. NOTE::\n+\n+   You can nest arrays and objects however you like, but you can only have one\n+   subscript value per expression. The following won't work:\n+\n+   ``select my_column[1]['property'][2] from my_table;``\n+\n+\n+.. _sql_dql_object_arrays:\n+\n+Object within arrays\n+====================\n \n-    cr> insert into locations (id, name, position, kind, race)\n-    ... values ('DO', 'Dornbirn', 14, 'City', {name='Vorarlberger',\n-    ...     description = 'Very nice people with a strange accent',\n-    ...     interests = ['mountains', 'cheese', 'enzian']}\n+Arrays may contain objects, and these can be selected and queried.\n+\n+For example, you might insert an array of objects like so::\n+\n+    cr> insert into locations (id, name, position, kind, information)\n+    ... values (\n+    ...   17, 'Orion Beta', 3, 'Star System',\n+    ...   [{evolution_level=6, population=3600001},\n+    ...   {evolution_level=42, population=1}]\n     ... );\n     INSERT OK, 1 row affected (... sec)\n \n-.. _sql_dql_object_arrays:\n+.. Hidden: refresh locations\n+\n+    cr> refresh table locations;\n+    REFRESH OK, 1 row affected (... sec)\n+\n+The result::\n \n-Object arrays\n-=============\n+    cr> select name, information from locations\n+    ... where name = 'Orion Beta';\n+    +------------+-------------------------------------------------------------------------------------------+\n+    | name       | information                                                                               |\n+    +------------+-------------------------------------------------------------------------------------------+\n+    | Orion Beta | [{\"evolution_level\": 6, \"population\": 3600001}, {\"evolution_level\": 42, \"population\": 1}] |\n+    +------------+-------------------------------------------------------------------------------------------+\n+    SELECT 1 row in set (... sec)\n+\n+The individual child objects can be selected as an element of the parent array\n+in the ``information`` column using ``locations[1]``, where ``n`` is the parent\n+array index, like so::\n+\n+    cr> select name, information[1] from locations\n+    ... where name = 'Orion Beta';\n+    +------------+-----------------------------------------------+\n+    | name       | information[1]                                |\n+    +------------+-----------------------------------------------+\n+    | Orion Beta | {\"evolution_level\": 6, \"population\": 3600001} |\n+    +------------+-----------------------------------------------+\n+    SELECT 1 row in set (... sec)\n \n-Arrays in CrateDB can be queried for containment using the\n-:ref:`sql_dql_any_array` operator.\n+The properties of individual child objects can be selected with\n+``locations[n]['property']``, where ``n`` is the parent array index and\n+``property`` is the child property name, like so::\n+\n+    cr> select name, information[1]['population'] from locations\n+    ... where name = 'Orion Beta';\n+    +------------+------------------------------+\n+    | name       | information[1]['population'] |\n+    +------------+------------------------------+\n+    | Orion Beta |                      3600001 |\n+    +------------+------------------------------+\n+    SELECT 1 row in set (... sec)\n \n-It is possible to access fields of :ref:`sql_dql_objects` using subscript\n-expressions. If the parent is an object array, you'll get an array of the\n-selected field.\n+.. NOTE::\n \n+    The ``my_column[n]['property']`` syntax can reference the child array index\n+    ``n`` of a parent object ``property``, if the column holds :ref:`objects\n+    instead of arrays <sql_dql_array_objects>`. This makes the syntax\n+    `polymorphic`_ (i.e., behavior is inferred from the data type of the\n+    column).\n \n-Examples::\n+Additionally, you can query the same ``property`` of *every* object within the\n+array by omitting the array index, like so::\n \n     cr> select name, information['population'] from locations\n-    ... where information['population'] is not null\n-    ... order by name;\n+    ... where information['population'] is not null;\n     +-------------------+---------------------------+\n     | name              | information['population'] |\n     +-------------------+---------------------------+\n     | North West Ripple | [12, 42]                  |\n     | Outer Eastern Rim | [5673745846]              |\n+    | Orion Beta        | [3600001, 1]              |\n     +-------------------+---------------------------+\n-    SELECT 2 rows in set (... sec)\n+    SELECT 3 rows in set (... sec)\n \n-::\n+.. NOTE::\n \n-    cr> select information from locations\n-    ... where information['population'] is not null\n-    ... order by name;\n-    +----------------------------------------------------...-----------------------+\n-    | information                                                                  |\n-    +----------------------------------------------------...-----------------------+\n-    | [{\"evolution_level\": 4, \"population\": 12}, {\"evolu...\": 42, \"popul...\": 42}] |\n-    | [{\"evolution_level\": 2, \"population\": 5673745846}]                           |\n-    +---------------------------------------------------...------------------------+\n+   You can nest arrays and objects however you like, but you can only have one\n+   subscript value per expression. The following won't work:\n+\n+   ``select my_column[1]['property'][2] from my_table;``", "state": "SUBMITTED", "replyTo": null, "originalCommit": {"oid": "9183582de62081389adb864f48dfc3819ea7fb6c"}, "originalPosition": 597}]}}, {"id": "MDIzOlB1bGxSZXF1ZXN0UmV2aWV3VGhyZWFkMzQyNjc1NzU2OnYy", "diffSide": "RIGHT", "path": "docs/general/dql/selects.rst", "isResolved": true, "comments": {"totalCount": 1, "pageInfo": {"startCursor": "Y3Vyc29yOnYyOpK0MjAyMC0xMi0xN1QxNjo0NDo0NVrOIH-pyQ==", "endCursor": "Y3Vyc29yOnYyOpK0MjAyMC0xMi0xN1QxNjo0NDo0NVrOIH-pyQ==", "hasNextPage": false, "hasPreviousPage": false}, "nodes": [{"id": "MDI0OlB1bGxSZXF1ZXN0UmV2aWV3Q29tbWVudDU0NTIzNzQ0OQ==", "bodyText": "I'd suggest to move the general array/object handling description outside of the comparison operator list.\nOr we could change the header level and move array comparison operator beneath general array and object description.", "url": "https://github.com/crate/crate/pull/10866#discussion_r545237449", "createdAt": "2020-12-17T16:44:45Z", "author": {"login": "seut"}, "path": "docs/general/dql/selects.rst", "diffHunk": "@@ -511,274 +502,461 @@ does always return ``NULL`` when comparing ``NULL``.\n     +----------+\n     SELECT 1 row in set (... sec)\n \n-.. _sql_dql_any_array:\n+.. _sql_dql_arrays:\n \n-``ANY (array)``\n-===============\n+Arrays\n+======\n+\n+CrateDB supports an :ref:`array <data-type-array>` data type. It is possible\n+to select and query array elements.\n+\n+For example, you might :ref:`insert <inserting_data>` an array like so::\n+\n+    cr> insert into locations (id, name, position, kind, landmarks)\n+    ... values (14, 'Frogstar', 4, 'Star System',\n+    ...     ['Total Perspective Vortex', 'Milliways']\n+    ... );\n+    INSERT OK, 1 row affected (... sec)\n \n-The ANY (or SOME) operator allows to search for elements within arrays. This\n-allows to query for rows where an element of an array is, for example, equal to\n-or greater than some ``expression``.\n+.. Hidden: refresh locations\n \n-The following example returns any row where the array ``race['interests']``\n-contains an element 'netball'::\n+    cr> refresh table locations;\n+    REFRESH OK, 1 row affected (... sec)\n+\n+The result::\n \n-    cr> select race['name'], race['interests'] from locations\n-    ... where 'netball' = ANY(race['interests']);\n-    +----------------+-----------------------------------------+\n-    | race['name']   | race['interests']                       |\n-    +----------------+-----------------------------------------+\n-    | Bartledannians | [\"netball\", \"books with 100.000 words\"] |\n-    +----------------+-----------------------------------------+\n+    cr> select name, landmarks from locations\n+    ... where name = 'Frogstar';\n+    +----------+-------------------------------------------+\n+    | name     | landmarks                                 |\n+    +----------+-------------------------------------------+\n+    | Frogstar | [\"Total Perspective Vortex\", \"Milliways\"] |\n+    +----------+-------------------------------------------+\n     SELECT 1 row in set (... sec)\n \n-::\n+The individual array elements can be selected from the ``landmarks`` column\n+with ``landmarks[n]``, where ``n`` is the integer array index, like so::\n \n-    cr> select race['name'], race['interests'] from locations\n-    ... where 'books%' LIKE ANY(race['interests']);\n-    +----------------+-----------------------------------------+\n-    | race['name']   | race['interests']                       |\n-    +----------------+-----------------------------------------+\n-    | Bartledannians | [\"netball\", \"books with 100.000 words\"] |\n-    +----------------+-----------------------------------------+\n+    cr> select name, landmarks[1] from locations\n+    ... where name = 'Frogstar';\n+    +----------+--------------------------+\n+    | name     | landmarks[1]             |\n+    +----------+--------------------------+\n+    | Frogstar | Total Perspective Vortex |\n+    +----------+--------------------------+\n     SELECT 1 row in set (... sec)\n \n-It can also be used on arrays::\n+.. NOTE::\n \n-    cr> select name, race['interests'] from locations\n-    ... where name = ANY(ARRAY['Bartledan', 'Algol'])\n-    ... order by name asc;\n-    +-----------+-----------------------------------------+\n-    | name      | race['interests']                       |\n-    +-----------+-----------------------------------------+\n-    | Algol     | NULL                                    |\n-    | Bartledan | [\"netball\", \"books with 100.000 words\"] |\n-    +-----------+-----------------------------------------+\n-    SELECT 2 rows in set (... sec)\n+    The first index value is ``1``. The maximum array index is ``2147483648``.\n+    Using an index greater than the array size results in a NULL value.\n \n-This way it can be used as a shortcut for ``name = 'Bartledan' OR name =\n-'Algol'`` or any other ANY comparison.\n+Individual array elements can also be addressed in the :ref:`where clause\n+<sql_dql_where_clause>`, like so::\n \n-The ``ANY`` construct can be used in :ref:`sql_subquery_expressions` or\n-:ref:`sql_array_comparisons`.\n+    cr> select name, landmarks from locations\n+    ... where landmarks[2] = 'Milliways';\n+    +----------+-------------------------------------------+\n+    | name     | landmarks                                 |\n+    +----------+-------------------------------------------+\n+    | Frogstar | [\"Total Perspective Vortex\", \"Milliways\"] |\n+    +----------+-------------------------------------------+\n+    SELECT 1 row in set (... sec)\n \n+When using the ``=`` operator, as above, the value of the array element at\n+index ``n`` is compared. To compare against *any* array element, see\n+:ref:`sql_dql_any_array`.\n \n-Negating ``ANY``\n-----------------\n+.. NOTE::\n \n-One important thing to notice when using ANY is that negating the ANY operator\n-does not behave as negating normal comparison operators.\n+   You can nest arrays within arrays, but you can only have one subscript value\n+   per expression. The following won't work:\n \n-The following query can be translated to *get all rows where race['interests']\n-has at least one element that equals 'netball'*::\n+   ``select my_column[1][2] from my_table;``\n \n-    cr> select race['name'], race['interests'] from locations\n-    ... where 'netball' = ANY(race['interests']);\n-    +----------------+-----------------------------------------+\n-    | race['name']   | race['interests']                       |\n-    +----------------+-----------------------------------------+\n-    | Bartledannians | [\"netball\", \"books with 100.000 words\"] |\n-    +----------------+-----------------------------------------+\n-    SELECT 1 row in set (... sec)\n \n-The following query using the negated operator ``!=`` can be translated to *get\n-all rows where race['interests'] has at least one element that does not equal\n-'netball'*. As you see, the result is the same in this case::\n-\n-    cr> select race['name'], race['interests'] from locations\n-    ... where 'netball' != ANY(race['interests']);\n-    +----------------+-----------------------------------------+\n-    | race['name']   | race['interests']                       |\n-    +----------------+-----------------------------------------+\n-    | Minories       | [\"baseball\", \"short stories\"]           |\n-    | Bartledannians | [\"netball\", \"books with 100.000 words\"] |\n-    +----------------+-----------------------------------------+\n-    SELECT 2 rows in set (... sec)\n+.. _sql_dql_objects:\n \n-.. NOTE::\n+Objects\n+=======\n \n-    When using the negated operator ``!= ANY`` by default the maximum size of\n-    the array to operate on is ``8192``. To be able to use larger arrays the\n-    :ref:`indices.query.bool.max_clause_count\n-    <indices.query.bool.max_clause_count>` setting must be changed\n-    appropriately on each node.\n-\n-Negating the ``=`` query from above is totally different. It can be translated\n-to *get all rows where race['interests'] has no value that equals 'netball'*::\n-\n-    cr> select race['name'], race['interests'] from locations\n-    ... where not 'netball' = ANY(race['interests']) order by race['name'];\n-    +--------------+-------------------------------+\n-    | race['name'] | race['interests']             |\n-    +--------------+-------------------------------+\n-    | Minories     | [\"baseball\", \"short stories\"] |\n-    +--------------+-------------------------------+\n+CrateDB supports an :ref:`object <object_data_type>` data type. It is possible\n+to select and query object properties.\n+\n+For example, you might insert an object like so::\n+\n+    cr> insert into locations (id, name, position, kind, inhabitants)\n+    ... values (15, 'Betelgeuse', 2, 'Star System',\n+    ...     {name = 'Betelgeuseans',\n+    ...      description = 'Humanoids with two heads'}\n+    ... );\n+    INSERT OK, 1 row affected (... sec)\n+\n+.. Hidden: refresh locations\n+\n+    cr> refresh table locations;\n+    REFRESH OK, 1 row affected (... sec)\n+\n+The result::\n+\n+    cr> select name, inhabitants from locations\n+    ... where name = 'Betelgeuse';\n+    +------------+----------------------------------------------------------------------+\n+    | name       | inhabitants                                                          |\n+    +------------+----------------------------------------------------------------------+\n+    | Betelgeuse | {\"description\": \"Humanoids with two heads\", \"name\": \"Betelgeuseans\"} |\n+    +------------+----------------------------------------------------------------------+\n     SELECT 1 row in set (... sec)\n \n-.. TIP::\n+The object properties can be selected from the ``inhabitants`` column with\n+``inhabitants['property']``, where ``property`` is the property name, like so::\n \n-    When using ``NOT <value> = ANY(<array_col>)`` the performance of the query\n-    could be quite bad, because special handling is required to implement the\n-    `3-valued logic`_. To achieve better performance, consider using the\n-    :ref:`ignore3vl function<ignore3vl>`.\n+    cr> select name, inhabitants['name'] from locations\n+    ... where name = 'Betelgeuse';\n+    +------------+---------------------+\n+    | name       | inhabitants['name'] |\n+    +------------+---------------------+\n+    | Betelgeuse | Betelgeuseans       |\n+    +------------+---------------------+\n+    SELECT 1 row in set (... sec)\n \n-The same behaviour (though different comparison operations involved) holds true\n-for operators\n+Object property can also be addressed in the :ref:`where clause\n+<sql_dql_where_clause>`, like so::\n \n- - ``LIKE`` and ``NOT LIKE``\n+    cr> select name, inhabitants from locations\n+    ... where inhabitants['name'] = 'Betelgeuseans';\n+    +------------+----------------------------------------------------------------------+\n+    | name       | inhabitants                                                          |\n+    +------------+----------------------------------------------------------------------+\n+    | Betelgeuse | {\"description\": \"Humanoids with two heads\", \"name\": \"Betelgeuseans\"} |\n+    +------------+----------------------------------------------------------------------+\n+    SELECT 1 row in set (... sec)\n \n- - all other comparison operators (excluding ``IS NULL`` and ``IS NOT NULL``)\n \n-.. NOTE::\n+.. _sql_dql_array_objects:\n \n-    When using the operators ``LIKE ANY`` and ``NOT LIKE ANY`` by default the\n-    maximum size of the array to operate on is ``8192``. To be able to use\n-    larger arrays the :ref:`indices.query.bool.max_clause_count\n-    <indices.query.bool.max_clause_count>` setting must be changed\n-    appropriately on each node.\n+Arrays within objects\n+=====================\n \n+Objects may contain arrays, and these arrays can be selected and queried.\n \n-.. _sql_dql_objects:\n+For example, you might insert an object containing an array like so::\n+\n+    cr> insert into locations (id, name, position, kind, inhabitants)\n+    ... values (16, 'Folfanga', 4, 'Star System',\n+    ...     {name = 'A-Rth-Urp-Hil-Ipdenu',\n+    ...      description = 'A species of small slug',\n+    ...      interests = ['lettuce', 'slime']}\n+    ... );\n+    INSERT OK, 1 row affected (... sec)\n+\n+.. Hidden: refresh locations\n+\n+    cr> refresh table locations;\n+    REFRESH OK, 1 row affected (... sec)\n \n-Inner objects and nested objects\n-================================\n+The result::\n \n-CrateDB supports an ``object`` data type, used for simple storing a whole\n-object into a column and it's even possible to select and query for properties\n-of such objects.\n+    cr> select name, inhabitants from locations\n+    ... where name = 'Folfanga';\n+      +----------+---------------------------------------------------------------------------------------------------------------+\n+    | name     | inhabitants                                                                                                   |\n+    +----------+---------------------------------------------------------------------------------------------------------------+\n+    | Folfanga | {\"description\": \"A species of small slug\", \"interests\": [\"lettuce\", \"slime\"], \"name\": \"A-Rth-Urp-Hil-Ipdenu\"} |\n+    +----------+---------------------------------------------------------------------------------------------------------------+\n+    SELECT 1 row in set (... sec)\n \n-Select a property of an inner object::\n+The child array can be selected as a property of the parent object in the\n+``inhabitants`` column using ``inhabitants['property']``, where ``property`` is\n+the parent object property name, like so::\n+\n+    cr> select name, inhabitants['interests'] from locations\n+    ... where name = 'Folfanga';\n+    +----------+--------------------------+\n+    | name     | inhabitants['interests'] |\n+    +----------+--------------------------+\n+    | Folfanga | [\"lettuce\", \"slime\"]     |\n+    +----------+--------------------------+\n+    SELECT 1 row in set (... sec)\n \n-    cr> select name, race['name'] from locations where name = 'Bartledan';\n-    +-----------+----------------+\n-    | name      | race['name']   |\n-    +-----------+----------------+\n-    | Bartledan | Bartledannians |\n-    +-----------+----------------+\n+The elements of the child array can be selected with\n+``inhabitants[n]['property']``, where ``n`` is the child array index and\n+``property`` is the parent object property name, like so::\n+\n+    cr> select name, inhabitants[1]['interests'] from locations\n+    ... where name = 'Folfanga';\n+    +----------+-----------------------------+\n+    | name     | inhabitants[1]['interests'] |\n+    +----------+-----------------------------+\n+    | Folfanga | lettuce                     |\n+    +----------+-----------------------------+\n     SELECT 1 row in set (... sec)\n \n-Query for a property of an inner object::\n+.. NOTE::\n \n-    cr> select name, race['name'] from locations\n-    ... where race['name'] = 'Bartledannians';\n-    +-----------+----------------+\n-    | name      | race['name']   |\n-    +-----------+----------------+\n-    | Bartledan | Bartledannians |\n-    +-----------+----------------+\n+    When accessing arrays within objects, the child array index comes before\n+    the parent object property name (i.e., ``my_column[n]['property']``), not\n+    the other way around. At the moment, the reverse syntax (i.e.,\n+    ``my_column['property'][n]``) is not supported.\n+\n+    Note also that ``my_column[n]['property']`` syntax can reference the\n+    ``property`` of a child object at index ``n`` of a parent array, if the\n+    column holds :ref:`arrays instead of objects <sql_dql_object_arrays>`. This\n+    makes the syntax `polymorphic`_ (i.e., behavior is inferred from the data\n+    type of the column).\n+\n+    As an alternative, child arrays can be :ref:`type cast\n+    <type_cast_from_string_literal>` to :ref:`text <data-type-text>` if you\n+    want the array index to appear last::\n+\n+        cr> select name, inhabitants['interests']::text[][1] from locations\n+        ... where name = 'Folfanga';\n+        +----------+-----------------------------+\n+        | name     | inhabitants[1]['interests'] |\n+        +----------+-----------------------------+\n+        | Folfanga | lettuce                     |\n+        +----------+-----------------------------+\n+        SELECT 1 row in set (... sec)\n+\n+.. _polymorphic: https://en.wikipedia.org/wiki/Polymorphism_(computer_science)\n+\n+The elements of the child array can also be addressed in the :ref:`where\n+clause <sql_dql_where_clause>`, like so::\n+\n+    cr> select name, inhabitants from locations\n+    ... where inhabitants[1]['interests'] = 'lettuce'\n+    ... order by name;\n+    +----------+---------------------------------------------------------------------------------------------------------------+\n+    | name     | inhabitants                                                                                                   |\n+    +----------+---------------------------------------------------------------------------------------------------------------+\n+    | Folfanga | {\"description\": \"A species of small slug\", \"interests\": [\"lettuce\", \"slime\"], \"name\": \"A-Rth-Urp-Hil-Ipdenu\"} |\n+    +----------+---------------------------------------------------------------------------------------------------------------+\n     SELECT 1 row in set (... sec)\n \n-Inserting objects::\n+.. NOTE::\n+\n+   You can nest arrays and objects however you like, but you can only have one\n+   subscript value per expression. The following won't work:\n+\n+   ``select my_column[1]['property'][2] from my_table;``\n+\n+\n+.. _sql_dql_object_arrays:\n+\n+Object within arrays\n+====================\n \n-    cr> insert into locations (id, name, position, kind, race)\n-    ... values ('DO', 'Dornbirn', 14, 'City', {name='Vorarlberger',\n-    ...     description = 'Very nice people with a strange accent',\n-    ...     interests = ['mountains', 'cheese', 'enzian']}\n+Arrays may contain objects, and these can be selected and queried.\n+\n+For example, you might insert an array of objects like so::\n+\n+    cr> insert into locations (id, name, position, kind, information)\n+    ... values (\n+    ...   17, 'Orion Beta', 3, 'Star System',\n+    ...   [{evolution_level=6, population=3600001},\n+    ...   {evolution_level=42, population=1}]\n     ... );\n     INSERT OK, 1 row affected (... sec)\n \n-.. _sql_dql_object_arrays:\n+.. Hidden: refresh locations\n+\n+    cr> refresh table locations;\n+    REFRESH OK, 1 row affected (... sec)\n+\n+The result::\n \n-Object arrays\n-=============\n+    cr> select name, information from locations\n+    ... where name = 'Orion Beta';\n+    +------------+-------------------------------------------------------------------------------------------+\n+    | name       | information                                                                               |\n+    +------------+-------------------------------------------------------------------------------------------+\n+    | Orion Beta | [{\"evolution_level\": 6, \"population\": 3600001}, {\"evolution_level\": 42, \"population\": 1}] |\n+    +------------+-------------------------------------------------------------------------------------------+\n+    SELECT 1 row in set (... sec)\n+\n+The individual child objects can be selected as an element of the parent array\n+in the ``information`` column using ``locations[1]``, where ``n`` is the parent\n+array index, like so::\n+\n+    cr> select name, information[1] from locations\n+    ... where name = 'Orion Beta';\n+    +------------+-----------------------------------------------+\n+    | name       | information[1]                                |\n+    +------------+-----------------------------------------------+\n+    | Orion Beta | {\"evolution_level\": 6, \"population\": 3600001} |\n+    +------------+-----------------------------------------------+\n+    SELECT 1 row in set (... sec)\n \n-Arrays in CrateDB can be queried for containment using the\n-:ref:`sql_dql_any_array` operator.\n+The properties of individual child objects can be selected with\n+``locations[n]['property']``, where ``n`` is the parent array index and\n+``property`` is the child property name, like so::\n+\n+    cr> select name, information[1]['population'] from locations\n+    ... where name = 'Orion Beta';\n+    +------------+------------------------------+\n+    | name       | information[1]['population'] |\n+    +------------+------------------------------+\n+    | Orion Beta |                      3600001 |\n+    +------------+------------------------------+\n+    SELECT 1 row in set (... sec)\n \n-It is possible to access fields of :ref:`sql_dql_objects` using subscript\n-expressions. If the parent is an object array, you'll get an array of the\n-selected field.\n+.. NOTE::\n \n+    The ``my_column[n]['property']`` syntax can reference the child array index\n+    ``n`` of a parent object ``property``, if the column holds :ref:`objects\n+    instead of arrays <sql_dql_array_objects>`. This makes the syntax\n+    `polymorphic`_ (i.e., behavior is inferred from the data type of the\n+    column).\n \n-Examples::\n+Additionally, you can query the same ``property`` of *every* object within the\n+array by omitting the array index, like so::\n \n     cr> select name, information['population'] from locations\n-    ... where information['population'] is not null\n-    ... order by name;\n+    ... where information['population'] is not null;\n     +-------------------+---------------------------+\n     | name              | information['population'] |\n     +-------------------+---------------------------+\n     | North West Ripple | [12, 42]                  |\n     | Outer Eastern Rim | [5673745846]              |\n+    | Orion Beta        | [3600001, 1]              |\n     +-------------------+---------------------------+\n-    SELECT 2 rows in set (... sec)\n+    SELECT 3 rows in set (... sec)\n \n-::\n+.. NOTE::\n \n-    cr> select information from locations\n-    ... where information['population'] is not null\n-    ... order by name;\n-    +----------------------------------------------------...-----------------------+\n-    | information                                                                  |\n-    +----------------------------------------------------...-----------------------+\n-    | [{\"evolution_level\": 4, \"population\": 12}, {\"evolu...\": 42, \"popul...\": 42}] |\n-    | [{\"evolution_level\": 2, \"population\": 5673745846}]                           |\n-    +---------------------------------------------------...------------------------+\n+   You can nest arrays and objects however you like, but you can only have one\n+   subscript value per expression. The following won't work:\n+\n+   ``select my_column[1]['property'][2] from my_table;``\n+\n+\n+.. _sql_dql_any_array:\n+\n+``ANY (array)``\n+===============", "state": "SUBMITTED", "replyTo": null, "originalCommit": {"oid": "9183582de62081389adb864f48dfc3819ea7fb6c"}, "originalPosition": 603}]}}]}}}, "rateLimit": {"limit": 5000, "remaining": 882, "cost": 1, "resetAt": "2021-11-12T11:57:46Z"}}}