{"data": {"repository": {"pullRequest": {"id": "MDExOlB1bGxSZXF1ZXN0NDMyMTgyNzI0", "number": 3814, "title": "[trace] Adapt trace util to compaction module", "bodyText": "Trace util is helpful for diagnosing compaction performance problems,\nwe can get trace log for base compaction like:\nW0610 11:26:33.804431 56452 storage_engine.cpp:552] Trace:\n0610 11:23:03.727535 (+     0us) storage_engine.cpp:554] start to perform base compaction\n0610 11:23:03.728961 (+  1426us) storage_engine.cpp:560] found best tablet 546859\n0610 11:23:03.728963 (+     2us) base_compaction.cpp:40] got base compaction lock\n0610 11:23:03.729029 (+    66us) base_compaction.cpp:44] rowsets picked\n0610 11:24:51.784439 (+108055410us) compaction.cpp:46] got concurrency lock and start to do compaction\n0610 11:24:51.784818 (+   379us) compaction.cpp:74] prepare finished\n0610 11:26:33.359265 (+101574447us) compaction.cpp:87] merge rowsets finished\n0610 11:26:33.484481 (+125216us) compaction.cpp:102] output rowset built\n0610 11:26:33.484482 (+     1us) compaction.cpp:106] check correctness finished\n0610 11:26:33.513197 (+ 28715us) compaction.cpp:110] modify rowsets finished\n0610 11:26:33.513300 (+   103us) base_compaction.cpp:49] compaction finished\n0610 11:26:33.513441 (+   141us) base_compaction.cpp:56] unused rowsets have been moved to GC queue\nMetrics: {\"filtered_rows\":0,\"input_row_num\":3346807,\"input_rowsets_count\":42,\"input_rowsets_data_size\":1256413170,\"input_segments_num\":44,\"merge_rowsets_latency_us\":101574444,\"merged_rows\":0,\"output_row_num\":3346807,\"output_rowset_data_size\":1228439659,\"output_segments_num\":6}\n\nfor cumulative compaction like:\nW0610 11:14:18.714366 56468 storage_engine.cpp:518] Trace:\n0610 11:14:08.068484 (+     0us) storage_engine.cpp:520] start to perform cumulative compaction\n0610 11:14:08.069844 (+  1360us) storage_engine.cpp:526] found best tablet 547083\n0610 11:14:08.069846 (+     2us) cumulative_compaction.cpp:42] got cumulative compaction lock\n0610 11:14:08.069947 (+   101us) cumulative_compaction.cpp:46] calculated cumulative point\n0610 11:14:08.070141 (+   194us) cumulative_compaction.cpp:50] rowsets picked\n0610 11:14:08.070143 (+     2us) compaction.cpp:46] got concurrency lock and start to do compaction\n0610 11:14:08.070518 (+   375us) compaction.cpp:74] prepare finished\n0610 11:14:15.389893 (+7319375us) compaction.cpp:87] merge rowsets finished\n0610 11:14:15.390916 (+  1023us) compaction.cpp:102] output rowset built\n0610 11:14:15.390917 (+     1us) compaction.cpp:106] check correctness finished\n0610 11:14:15.409460 (+ 18543us) compaction.cpp:110] modify rowsets finished\n0610 11:14:15.409496 (+    36us) cumulative_compaction.cpp:55] compaction finished\n0610 11:14:15.410138 (+   642us) cumulative_compaction.cpp:65] unused rowsets have been moved to GC queue\nMetrics: {\"filtered_rows\":0,\"input_row_num\":136707,\"input_rowsets_count\":302,\"input_rowsets_data_size\":76617836,\"input_segments_num\":302,\"merge_rowsets_latency_us\":7319372,\"merged_rows\":0,\"output_row_num\":136707,\"output_rowset_data_size\":53893280,\"output_segments_num\":1}", "createdAt": "2020-06-10T03:47:28Z", "url": "https://github.com/apache/incubator-doris/pull/3814", "merged": true, "mergeCommit": {"oid": "3c09e1e1d81df23fe252023b58123f4de516807d"}, "closed": true, "closedAt": "2020-06-13T11:31:52Z", "author": {"login": "acelyc111"}, "timelineItems": {"totalCount": 7, "pageInfo": {"startCursor": "Y3Vyc29yOnYyOpPPAAABcp65iXgFqTQyODEzODg2Ng==", "endCursor": "Y3Vyc29yOnYyOpPPAAABcq1y2sgFqTQzMDEzMjk4Ng==", "hasNextPage": false, "hasPreviousPage": false}, "nodes": [{"__typename": "PullRequestReview", "id": "MDE3OlB1bGxSZXF1ZXN0UmV2aWV3NDI4MTM4ODY2", "url": "https://github.com/apache/incubator-doris/pull/3814#pullrequestreview-428138866", "createdAt": "2020-06-10T14:53:34Z", "commit": {"oid": "4998d6067b450e4bd3f92328c3a4a1f57a7e32b9"}, "state": "COMMENTED", "comments": {"totalCount": 1, "pageInfo": {"startCursor": "Y3Vyc29yOnYyOpK0MjAyMC0wNi0xMFQxNDo1MzozNFrOGh4yZA==", "endCursor": "Y3Vyc29yOnYyOpK0MjAyMC0wNi0xMFQxNDo1MzozNFrOGh4yZA==", "hasNextPage": false, "hasPreviousPage": false}, "nodes": [{"id": "MDI0OlB1bGxSZXF1ZXN0UmV2aWV3Q29tbWVudDQzODE4NjU5Ng==", "bodyText": "Please update the be-config.md document, to explain these 2 configs, add how to use the trace.", "url": "https://github.com/apache/incubator-doris/pull/3814#discussion_r438186596", "createdAt": "2020-06-10T14:53:34Z", "author": {"login": "morningman"}, "path": "be/src/common/config.h", "diffHunk": "@@ -281,6 +281,10 @@ namespace config {\n     // This config can be set to 0, which means to forbid any compaction, for some special cases.\n     CONF_Int32(max_compaction_concurrency, \"-1\");\n \n+    // Threshold to logging compaction trace, in seconds.\n+    CONF_mInt32(base_compaction_trace_threshold, \"10\");\n+    CONF_mInt32(cumulative_compaction_trace_threshold, \"2\");", "state": "SUBMITTED", "replyTo": null, "originalCommit": {"oid": "4998d6067b450e4bd3f92328c3a4a1f57a7e32b9"}, "originalPosition": 6}]}}, {"__typename": "HeadRefForcePushedEvent", "beforeCommit": {"oid": "7678f3feadb9db207dfe4a54a1929450f3d49762", "author": {"user": {"login": "acelyc111", "name": "Yingchun Lai"}}, "url": "https://github.com/apache/incubator-doris/commit/7678f3feadb9db207dfe4a54a1929450f3d49762", "committedDate": "2020-06-11T07:43:09Z", "message": "init"}, "afterCommit": {"oid": "a51684d14baf0fa23f1f89d8617006172fd7f6ed", "author": {"user": {"login": "acelyc111", "name": "Yingchun Lai"}}, "url": "https://github.com/apache/incubator-doris/commit/a51684d14baf0fa23f1f89d8617006172fd7f6ed", "committedDate": "2020-06-11T07:45:35Z", "message": "init"}}, {"__typename": "PullRequestCommit", "commit": {"oid": "07c939fed9101a3ff6397c6cacb62e7bfa6f32f1", "author": {"user": {"login": "acelyc111", "name": "Yingchun Lai"}}, "url": "https://github.com/apache/incubator-doris/commit/07c939fed9101a3ff6397c6cacb62e7bfa6f32f1", "committedDate": "2020-06-11T07:49:49Z",